date,wc,aow
2014-01-01,392.120,46.769
2014-01-02,392.115,46.657
2014-01-03,392.110,46.545
2014-01-04,392.105,46.434
2014-01-05,392.100,46.322
2014-01-06,392.095,46.211
2014-01-07,392.090,46.099
2014-01-08,392.085,45.988
2014-01-09,392.080,45.877
2014-01-10,392.075,45.766
2014-01-11,392.062,45.478
2014-01-12,392.055,45.323
2014-01-13,392.045,45.102
2014-01-14,392.035,44.882
2014-01-15,392.030,44.772
2014-01-16,392.025,44.663
2014-01-17,392.020,44.553
2014-01-18,392.015,44.444
2014-01-19,392.010,44.334
2014-01-20,392.005,44.225
2014-01-21,392.000,44.116
2014-01-22,391.970,43.464
2014-01-23,391.955,43.139
2014-01-24,391.947,42.967
2014-01-25,391.943,42.881
2014-01-26,391.935,42.709
2014-01-27,391.928,42.558
2014-01-28,391.920,42.387
2014-01-29,391.910,42.173
2014-01-30,391.945,42.924
2014-01-31,391.995,44.007
2014-02-01,391.990,43.898
2014-02-02,391.974,43.550
2014-02-03,391.969,43.442
2014-02-04,391.950,43.032
2014-02-05,391.939,42.795
2014-02-06,391.940,42.816
2014-02-07,391.919,42.366
2014-02-08,391.910,42.173
2014-02-09,391.890,41.747
2014-02-10,391.870,41.323
2014-02-11,391.835,40.585
2014-02-12,391.800,39.854
2014-02-13,391.750,38.819
2014-02-14,391.710,38.001
2014-02-15,391.680,37.392
2014-02-16,391.670,37.190
2014-02-17,391.660,36.989
2014-02-18,391.649,36.768
2014-02-19,391.650,36.788
2014-02-20,391.647,36.728
2014-02-21,391.522,34.261
2014-02-22,391.513,34.087
2014-02-23,391.506,33.951
2014-02-24,391.501,33.854
2014-02-25,391.497,33.777
2014-02-26,391.490,33.642
2014-02-27,391.485,33.546
2014-02-28,391.478,33.411
2014-03-01,391.462,33.105
2014-03-02,391.460,33.067
2014-03-03,391.451,32.895
2014-03-04,391.447,32.819
2014-03-05,391.439,32.666
2014-03-06,391.429,32.477
2014-03-07,391.420,32.306
2014-03-08,391.415,32.212
2014-03-09,391.409,32.098
2014-03-10,391.403,31.985
2014-03-11,391.394,31.816
2014-03-12,391.390,31.741
2014-03-13,391.384,31.629
2014-03-14,391.376,31.479
2014-03-15,391.326,30.551
2014-03-16,391.280,29.708
2014-03-17,391.230,28.803
2014-03-18,391.190,28.089
2014-03-19,391.196,28.196
2014-03-20,391.100,26.511
2014-03-21,391.015,25.057
2014-03-22,390.965,24.219
2014-03-23,390.949,23.954
2014-03-24,390.945,23.887
2014-03-25,390.938,23.772
2014-03-26,390.930,23.640
2014-03-27,390.927,23.591
2014-03-28,390.923,23.525
2014-03-29,390.914,23.377
2014-03-30,390.900,23.148
2014-03-31,390.891,23.002
2014-04-01,390.889,22.969
2014-04-02,390.883,22.872
2014-04-03,390.879,22.807
2014-04-04,390.854,22.403
2014-04-05,390.868,22.629
2014-04-06,390.860,22.500
2014-04-07,390.850,22.339
2014-04-08,390.847,22.291
2014-04-09,390.840,22.179
2014-04-10,390.810,21.701
2014-04-11,390.772,21.102
2014-04-12,390.754,20.820
2014-04-13,390.756,20.851
2014-04-14,390.748,20.727
2014-04-15,390.740,20.603
2014-04-16,390.735,20.525
2014-04-17,390.729,20.432
2014-04-18,390.725,20.370
2014-04-19,390.712,20.170
2014-04-20,390.708,20.109
2014-04-21,390.704,20.047
2014-04-22,390.689,19.818
2014-04-23,390.685,19.757
2014-04-24,390.679,19.666
2014-04-25,390.680,19.681
2014-04-26,390.673,19.575
2014-04-27,390.654,19.287
2014-04-28,390.601,18.495
2014-04-29,390.603,18.525
2014-04-30,390.604,18.539
2014-05-01,390.619,18.762
2014-05-02,390.620,18.777
2014-05-03,390.644,19.137
2014-05-04,390.673,19.575
2014-05-05,390.678,19.651
2014-05-06,390.672,19.559
2014-05-07,390.701,20.001
2014-05-08,390.711,20.155
2014-05-09,390.709,20.124
2014-05-10,390.701,20.001
2014-05-11,390.700,19.986
2014-05-12,390.699,19.971
2014-05-13,390.690,19.833
2014-05-14,390.685,19.757
2014-05-15,390.673,19.575
2014-05-16,390.680,19.681
2014-05-17,390.680,19.681
2014-05-18,390.660,19.378
2014-05-19,390.688,19.803
2014-05-20,390.680,19.681
2014-05-21,390.670,19.529
2014-05-22,390.665,19.453
2014-05-23,390.644,19.137
2014-05-24,390.650,19.227
2014-05-25,390.693,19.879
2014-05-26,390.640,19.076
2014-05-27,390.622,18.807
2014-05-28,390.601,18.495
2014-05-29,390.600,18.480
2014-05-30,390.600,18.480
2014-05-31,390.550,17.746
2014-06-01,390.520,17.311
2014-06-02,390.490,16.881
2014-06-03,390.479,16.725
2014-06-04,390.470,16.597
2014-06-05,390.457,16.413
2014-06-06,390.471,16.611
2014-06-07,390.465,16.526
2014-06-08,390.473,16.639
2014-06-09,390.460,16.456
2014-06-10,390.470,16.597
2014-06-11,390.463,16.498
2014-06-12,390.460,16.456
2014-06-13,390.462,16.484
2014-06-14,390.492,16.910
2014-06-15,390.500,17.024
2014-06-16,390.500,17.024
2014-06-17,390.486,16.824
2014-06-18,390.488,16.853
2014-06-19,390.485,16.810
2014-06-20,390.490,16.881
2014-06-21,390.494,16.938
2014-06-22,390.498,16.995
2014-06-23,390.485,16.810
2014-06-24,390.500,17.024
2014-06-25,390.490,16.881
2014-06-26,390.485,16.810
2014-06-27,390.487,16.838
2014-06-28,390.483,16.781
2014-06-29,390.473,16.639
2014-06-30,390.480,16.739
2014-07-01,390.477,16.696
2014-07-02,390.471,16.611
2014-07-03,390.478,16.710
2014-07-04,390.480,16.739
2014-07-05,390.473,16.639
2014-07-06,390.460,16.456
2014-07-07,390.463,16.498
2014-07-08,390.480,16.739
2014-07-09,390.512,17.196
2014-07-10,390.552,17.775
2014-07-11,390.580,18.185
2014-07-12,390.607,18.584
2014-07-13,390.635,19.002
2014-07-14,390.670,19.529
2014-07-15,390.683,19.727
2014-07-16,390.703,20.032
2014-07-17,390.737,20.556
2014-07-18,390.771,21.086
2014-07-19,390.790,21.384
2014-07-20,390.780,21.227
2014-07-21,390.815,21.780
2014-07-22,390.847,22.291
2014-07-23,390.918,23.443
2014-07-24,391.060,25.822
2014-07-25,391.155,27.470
2014-07-26,391.200,28.267
2014-07-27,391.310,30.256
2014-07-28,391.352,31.032
2014-07-29,391.450,32.876
2014-07-30,391.560,35.003
2014-07-31,391.560,35.003
2014-08-01,391.550,34.807
2014-08-02,391.550,34.807
2014-08-03,391.550,34.807
2014-08-04,391.976,43.594
2014-08-05,392.020,44.553
2014-08-06,392.050,45.213
2014-08-07,392.065,45.544
2014-08-08,392.070,45.655
2014-08-09,392.068,45.611
2014-08-10,392.073,45.721
2014-08-11,392.078,45.832
2014-08-12,392.062,45.478
2014-08-13,392.040,44.992
2014-08-14,392.020,44.553
2014-08-15,392.010,44.334
2014-08-16,392.000,44.116
2014-08-17,391.980,43.681
2014-08-18,391.960,43.247
2014-08-19,391.990,43.898
2014-08-20,392.075,45.766
2014-08-21,392.115,46.657
2014-08-22,392.103,46.389
2014-08-23,392.080,45.877
2014-08-24,392.040,44.992
2014-08-25,392.010,44.334
2014-08-26,392.000,44.116
2014-08-27,392.043,45.058
2014-08-28,392.073,45.721
2014-08-29,392.084,45.966
2014-08-30,392.120,46.769
2014-08-31,392.130,46.994
2014-09-01,392.165,47.783
2014-09-02,392.701,60.634
2014-09-03,392.548,56.819
2014-09-04,392.584,57.707
2014-09-05,392.630,58.850
2014-09-06,392.665,59.726
2014-09-07,392.680,60.104
2014-09-08,392.670,59.852
2014-09-09,392.635,58.974
2014-09-10,392.600,58.103
2014-09-11,392.565,57.238
2014-09-12,392.512,55.939
2014-09-13,392.490,55.404
2014-09-14,392.470,54.920
2014-09-15,392.450,54.437
2014-09-16,392.400,53.241
2014-09-17,392.415,53.598
2014-09-18,392.390,53.003
2014-09-19,392.370,52.528
2014-09-20,392.350,52.056
2014-09-21,392.365,52.410
2014-09-22,392.350,52.056
2014-09-23,392.365,52.410
2014-09-24,392.365,52.410
2014-09-25,392.380,52.765
2014-09-26,392.390,53.003
2014-09-27,392.390,53.003
2014-09-28,392.390,53.003
2014-09-29,392.390,53.003
2014-09-30,392.380,52.765
2014-10-01,392.370,52.528
2014-10-02,392.365,52.410
2014-10-03,392.360,52.292
2014-10-04,392.365,52.410
2014-10-05,392.400,53.241
2014-10-06,392.425,53.837
2014-10-07,392.430,53.957
2014-10-08,392.430,53.957
2014-10-09,392.420,53.718
2014-10-10,392.410,53.479
2014-10-11,392.390,53.003
2014-10-12,392.370,52.528
2014-10-13,392.350,52.056
2014-10-14,392.350,52.056
2014-10-15,392.350,52.056
2014-10-16,392.350,52.056
2014-10-17,392.350,52.056
2014-10-18,392.350,52.056
2014-10-19,392.350,52.056
2014-10-20,392.350,52.056
2014-10-21,392.350,52.056
2014-10-22,392.350,52.056
2014-10-23,392.350,52.056
2014-10-24,392.350,52.056
2014-10-25,392.350,52.056
2014-10-26,392.350,52.056
2014-10-27,392.350,52.056
2014-10-28,392.350,52.056
2014-10-29,392.350,52.056
2014-10-30,392.350,52.056
2014-10-31,392.350,52.056
2014-11-01,392.350,52.056
2014-11-02,392.350,52.056
2014-11-03,392.350,52.056
2014-11-04,392.350,52.056
2014-11-05,392.350,52.056
2014-11-06,392.350,52.056
2014-11-07,392.350,52.056
2014-11-08,392.350,52.056
2014-11-09,392.350,52.056
2014-11-10,392.350,52.056
2014-11-11,392.350,52.056
2014-11-12,392.350,52.056
2014-11-13,392.350,52.056
2014-11-14,392.350,52.056
2014-11-15,392.350,52.056
2014-11-16,392.350,52.056
2014-11-17,392.350,52.056
2014-11-18,392.350,52.056
2014-11-19,392.350,52.056
2014-11-20,392.350,52.056
2014-11-21,392.350,52.056
2014-11-22,392.350,52.056
2014-11-23,392.350,52.056
2014-11-24,392.350,52.056
2014-11-25,392.350,52.056
2014-11-26,392.350,52.056
2014-11-27,392.350,52.056
2014-11-28,392.350,52.056
2014-11-29,392.350,52.056
2014-11-30,392.350,52.056
2014-12-01,392.350,52.056
2014-12-02,392.350,52.056
2014-12-03,392.350,52.056
2014-12-04,392.350,52.056
2014-12-05,392.350,52.056
2014-12-06,392.350,52.056
2014-12-07,392.350,52.056
2014-12-08,392.350,52.056
2014-12-09,392.350,52.056
2014-12-10,392.350,52.056
2014-12-11,392.350,52.056
2014-12-12,392.350,52.056
2014-12-13,392.350,52.056
2014-12-14,392.350,52.056
2014-12-15,392.350,52.056
2014-12-16,392.350,52.056
2014-12-17,392.350,52.056
2014-12-18,392.350,52.056
2014-12-19,392.350,52.056
2014-12-20,392.350,52.056
2014-12-21,392.350,52.056
2014-12-22,392.350,52.056
2014-12-23,392.350,52.056
2014-12-24,392.350,52.056
2014-12-25,392.350,52.056
2014-12-26,392.350,52.056
2014-12-27,392.350,52.056
2014-12-28,392.350,52.056
2014-12-29,392.350,52.056
2014-12-30,392.350,52.056
2014-12-31,392.350,52.056
2015-01-01,391.752,38.860
2015-01-02,391.752,38.860
2015-01-03,391.752,38.860
2015-01-04,391.752,38.860
2015-01-05,391.752,38.860
2015-01-06,391.752,38.860
2015-01-07,391.752,38.860
2015-01-08,391.752,38.860
2015-01-09,391.752,38.860
2015-01-10,391.752,38.860
2015-01-11,391.752,38.860
2015-01-12,391.752,38.860
2015-01-13,391.752,38.860
2015-01-14,391.752,38.860
2015-01-15,391.752,38.860
2015-01-16,391.752,38.860
2015-01-17,391.752,38.860
2015-01-18,391.752,38.860
2015-01-19,391.752,38.860
2015-01-20,391.752,38.860
2015-01-21,391.752,38.860
2015-01-22,391.752,38.860
2015-01-23,391.752,38.860
2015-01-24,391.752,38.860
2015-01-25,391.752,38.860
2015-01-26,391.752,38.860
2015-01-27,391.752,38.860
2015-01-28,391.752,38.860
2015-01-29,391.752,38.860
2015-01-30,391.744,38.696
2015-01-31,391.739,38.593
2015-02-01,391.734,38.491
2015-02-02,391.734,38.491
2015-02-03,391.734,38.491
2015-02-04,391.728,38.368
2015-02-05,391.724,38.286
2015-02-06,391.724,38.286
2015-02-07,391.724,38.286
2015-02-08,391.724,38.286
2015-02-09,391.700,37.797
2015-02-10,391.698,37.757
2015-02-11,391.638,36.548
2015-02-12,391.578,35.357
2015-02-13,391.578,35.357
2015-02-14,391.578,35.357
2015-02-15,391.578,35.357
2015-02-16,391.578,35.357
2015-02-17,391.578,35.357
2015-02-18,391.352,31.032
2015-02-19,391.332,30.661
2015-02-20,391.302,30.109
2015-02-21,391.272,29.562
2015-02-22,391.257,29.290
2015-02-23,391.242,29.019
2015-02-24,391.232,28.839
2015-02-25,391.232,28.839
2015-02-26,391.229,28.785
2015-02-27,391.226,28.732
2015-02-28,391.223,28.678
2015-03-01,391.220,28.624
2015-03-02,391.222,28.660
2015-03-03,391.220,28.624
2015-03-04,391.219,28.606
2015-03-05,391.218,28.588
2015-03-06,391.216,28.552
2015-03-07,391.214,28.517
2015-03-08,391.213,28.499
2015-03-09,391.212,28.481
2015-03-10,391.211,28.463
2015-03-11,391.208,28.409
2015-03-12,391.200,28.267
2015-03-13,391.190,28.089
2015-03-14,391.188,28.053
2015-03-15,391.186,28.018
2015-03-16,391.184,27.982
2015-03-17,391.182,27.947
2015-03-18,391.178,27.876
2015-03-19,391.176,27.841
2015-03-20,391.169,27.717
2015-03-21,391.138,27.172
2015-03-22,391.119,26.840
2015-03-23,391.109,26.667
2015-03-24,391.114,26.753
2015-03-25,391.117,26.806
2015-03-26,391.117,26.806
2015-03-27,391.116,26.788
2015-03-28,391.117,26.806
2015-03-29,391.116,26.788
2015-03-30,391.115,26.771
2015-03-31,391.114,26.753
2015-04-01,391.113,26.736
2015-04-02,391.112,26.719
2015-04-03,391.112,26.719
2015-04-04,391.109,26.667
2015-04-05,391.107,26.632
2015-04-06,391.102,26.545
2015-04-07,391.099,26.493
2015-04-08,391.098,26.476
2015-04-09,391.095,26.424
2015-04-10,391.095,26.424
2015-04-11,391.096,26.441
2015-04-12,391.096,26.441
2015-04-13,391.094,26.407
2015-04-14,391.092,26.372
2015-04-15,391.090,26.338
2015-04-16,391.089,26.320
2015-04-17,391.088,26.303
2015-04-18,391.087,26.286
2015-04-19,391.086,26.269
2015-04-20,391.086,26.269
2015-04-21,391.085,26.251
2015-04-22,391.085,26.251
2015-04-23,391.085,26.251
2015-04-24,391.086,26.269
2015-04-25,391.085,26.251
2015-04-26,391.084,26.234
2015-04-27,391.084,26.234
2015-04-28,391.083,26.217
2015-04-29,391.085,26.251
2015-04-30,391.085,26.251
2015-05-01,391.084,26.234
2015-05-02,391.083,26.217
2015-05-03,391.082,26.200
2015-05-04,391.083,26.217
2015-05-05,391.084,26.234
2015-05-06,391.085,26.251
2015-05-07,391.085,26.251
2015-05-08,391.084,26.234
2015-05-09,391.085,26.251
2015-05-10,391.086,26.269
2015-05-11,391.086,26.269
2015-05-12,391.084,26.234
2015-05-13,391.083,26.217
2015-05-14,391.092,26.372
2015-05-15,391.082,26.200
2015-05-16,391.083,26.217
2015-05-17,391.082,26.200
2015-05-18,391.083,26.217
2015-05-19,391.084,26.234
2015-05-20,391.084,26.234
2015-05-21,391.085,26.251
2015-05-22,391.085,26.251
2015-05-23,391.086,26.269
2015-05-24,391.096,26.441
2015-05-25,391.084,26.234
2015-05-26,391.083,26.217
2015-05-27,391.083,26.217
2015-05-28,391.082,26.200
2015-05-29,391.080,26.165
2015-05-30,391.078,26.131
2015-05-31,391.076,26.097
2015-06-01,391.073,26.045
2015-06-02,391.071,26.011
2015-06-03,391.067,25.942
2015-06-04,391.063,25.874
2015-06-05,391.063,25.874
2015-06-06,391.055,25.737
2015-06-07,391.051,25.668
2015-06-08,391.049,25.634
2015-06-09,391.048,25.617
2015-06-10,391.048,25.617
2015-06-11,391.047,25.600
2015-06-12,391.047,25.600
2015-06-13,391.046,25.583
2015-06-14,391.047,25.600
2015-06-15,391.048,25.617
2015-06-16,390.470,16.597
2015-06-17,390.470,16.597
2015-06-18,390.450,16.315
2015-06-19,390.430,16.034
2015-06-20,390.420,15.895
2015-06-21,390.410,15.756
2015-06-22,390.400,15.618
2015-06-23,390.390,15.480
2015-06-24,390.390,15.480
2015-06-25,390.380,15.343
2015-06-26,390.380,15.343
2015-06-27,390.390,15.480
2015-06-28,390.380,15.343
2015-06-29,390.380,15.343
2015-06-30,390.380,15.343
2015-07-01,390.370,15.206
2015-07-02,390.360,15.069
2015-07-03,390.350,14.934
2015-07-04,390.340,14.798
2015-07-05,390.330,14.663
2015-07-06,390.320,14.529
2015-07-07,390.320,14.529
2015-07-08,390.380,15.343
2015-07-09,390.390,15.480
2015-07-10,390.380,15.343
2015-07-11,390.370,15.206
2015-07-12,390.380,15.343
2015-07-13,390.390,15.480
2015-07-14,390.390,15.480
2015-07-15,390.380,15.343
2015-07-16,390.370,15.206
2015-07-17,390.370,15.206
2015-07-18,390.360,15.069
2015-07-19,390.360,15.069
2015-07-20,390.350,14.934
2015-07-21,390.345,14.866
2015-07-22,390.345,14.866
2015-07-23,390.350,14.934
2015-07-24,390.350,14.934
2015-07-25,390.360,15.069
2015-07-26,390.700,19.986
2015-07-27,390.380,15.343
2015-07-28,390.380,15.343
2015-07-29,390.380,15.343
2015-07-30,390.370,15.206
2015-07-31,390.370,15.206
2015-08-01,390.375,15.274
2015-08-02,390.380,15.343
2015-08-03,390.380,15.343
2015-08-04,390.380,15.343
2015-08-05,390.370,15.206
2015-08-06,390.370,15.206
2015-08-07,390.380,15.343
2015-08-08,390.380,15.343
2015-08-09,390.370,15.206
2015-08-10,390.370,15.206
2015-08-11,390.370,15.206
2015-08-12,390.350,14.934
2015-08-13,390.330,14.663
2015-08-14,390.320,14.529
2015-08-15,390.320,14.529
2015-08-16,390.310,14.395
2015-08-17,390.310,14.395
2015-08-18,390.300,14.262
2015-08-19,390.310,14.395
2015-08-20,390.310,14.395
2015-08-21,390.320,14.529
2015-08-22,390.320,14.529
2015-08-23,390.320,14.529
2015-08-24,390.310,14.395
2015-08-25,390.310,14.395
2015-08-26,390.300,14.262
2015-08-27,390.300,14.262
2015-08-28,390.300,14.262
2015-08-29,390.300,14.262
2015-08-30,390.300,14.262
2015-08-31,390.310,14.395
2015-09-01,390.310,14.395
2015-09-02,390.315,14.462
2015-09-03,390.315,14.462
2015-09-04,390.320,14.529
2015-09-05,390.320,14.529
2015-09-06,390.330,14.663
2015-09-07,390.340,14.798
2015-09-08,390.340,14.798
2015-09-09,390.343,14.839
2015-09-10,390.343,14.839
2015-09-11,390.345,14.866
2015-09-12,390.350,14.934
2015-09-13,390.350,14.934
2015-09-14,390.390,15.480
2015-09-15,390.390,15.480
2015-09-16,390.450,16.315
2015-09-17,390.451,16.329
2015-09-18,390.452,16.343
2015-09-19,390.453,16.357
2015-09-20,390.456,16.399
2015-09-21,390.458,16.427
2015-09-22,390.459,16.441
2015-09-23,390.460,16.456
2015-09-24,390.460,16.456
2015-09-25,390.460,16.456
2015-09-26,390.460,16.456
2015-09-27,390.460,16.456
2015-09-28,390.460,16.456
2015-09-29,390.461,16.470
2015-09-30,390.461,16.470
2015-10-01,390.460,16.456
2015-10-02,390.459,16.441
2015-10-03,390.459,16.441
2015-10-04,390.458,16.427
2015-10-05,390.457,16.413
2015-10-06,390.456,16.399
2015-10-07,390.455,16.385
2015-10-08,390.456,16.399
2015-10-09,390.454,16.371
2015-10-10,390.456,16.399
2015-10-11,390.457,16.413
2015-10-12,390.459,16.441
2015-10-13,390.459,16.441
2015-10-14,390.458,16.427
2015-10-15,390.458,16.427
2015-10-16,390.458,16.427
2015-10-17,390.457,16.413
2015-10-18,390.457,16.413
2015-10-19,390.457,16.413
2015-10-20,390.546,17.688
2015-10-21,390.569,18.023
2015-10-22,390.565,17.965
2015-10-23,390.559,17.877
2015-10-24,390.555,17.819
2015-10-25,390.547,17.702
2015-10-26,390.538,17.571
2015-10-27,390.533,17.499
2015-10-28,390.548,17.717
2015-10-29,390.546,17.688
2015-10-30,390.532,17.484
2015-10-31,390.525,17.383
2015-11-01,390.518,17.282
2015-11-02,390.498,16.995
2015-11-03,390.496,16.967
2015-11-04,390.489,16.867
2015-11-05,390.486,16.824
2015-11-06,390.479,16.725
2015-11-07,390.482,16.767
2015-11-08,390.479,16.725
2015-11-09,390.476,16.682
2015-11-10,390.473,16.639
2015-11-11,390.465,16.526
2015-11-12,390.458,16.427
2015-11-13,390.480,16.739
2015-11-14,390.478,16.710
2015-11-15,390.476,16.682
2015-11-16,390.468,16.569
2015-11-17,390.452,16.343
2015-11-18,390.450,16.315
2015-11-19,390.450,16.315
2015-11-20,390.450,16.315
2015-11-21,390.447,16.272
2015-11-22,390.446,16.258
2015-11-23,390.445,16.244
2015-11-24,390.443,16.216
2015-11-25,390.442,16.202
2015-11-26,390.440,16.174
2015-11-27,390.439,16.160
2015-11-28,390.439,16.160
2015-11-29,390.440,16.174
2015-11-30,390.440,16.174
2015-12-01,390.443,16.216
2015-12-02,390.446,16.258
2015-12-03,390.449,16.301
2015-12-04,390.450,16.315
2015-12-05,390.450,16.315
2015-12-06,390.449,16.301
2015-12-07,390.448,16.287
2015-12-08,390.448,16.287
2015-12-09,390.449,16.301
2015-12-10,390.448,16.287
2015-12-11,390.449,16.301
2015-12-12,390.448,16.287
2015-12-13,390.447,16.272
2015-12-14,390.447,16.272
2015-12-15,390.446,16.258
2015-12-16,391.446,32.800
2015-12-17,390.446,16.258
2015-12-18,390.445,16.244
2015-12-19,390.445,16.244
2015-12-20,390.445,16.244
2015-12-21,390.444,16.230
2015-12-22,390.444,16.230
2015-12-23,390.444,16.230
2015-12-24,390.443,16.216
2015-12-25,390.442,16.202
2015-12-26,390.440,16.174
2015-12-27,390.439,16.160
2015-12-28,390.437,16.132
2015-12-29,390.422,15.923
2015-12-30,390.419,15.881
2015-12-31,390.419,15.881
2016-01-01,390.415,15.826
2016-01-02,390.410,15.756
2016-01-03,390.395,15.549
2016-01-04,390.393,15.521
2016-01-05,390.390,15.480
2016-01-06,390.389,15.466
2016-01-07,390.385,15.411
2016-01-08,390.385,15.411
2016-01-09,390.380,15.343
2016-01-10,390.378,15.315
2016-01-11,390.376,15.288
2016-01-12,390.370,15.206
2016-01-13,390.369,15.192
2016-01-14,390.368,15.178
2016-01-15,390.367,15.165
2016-01-16,390.367,15.165
2016-01-17,390.367,15.165
2016-01-18,390.367,15.165
2016-01-19,390.366,15.151
2016-01-20,390.366,15.151
2016-01-21,390.364,15.124
2016-01-22,390.364,15.124
2016-01-23,390.364,15.124
2016-01-24,390.363,15.110
2016-01-25,390.362,15.097
2016-01-26,390.370,15.206
2016-01-27,390.390,15.480
2016-01-28,390.395,15.549
2016-01-29,390.420,15.895
2016-01-30,390.450,16.315
2016-01-31,390.450,16.315
2016-02-01,390.465,16.526
2016-02-02,390.459,16.441
2016-02-03,390.459,16.441
2016-02-04,390.459,16.441
2016-02-05,390.453,16.357
2016-02-06,390.453,16.357
2016-02-07,390.451,16.329
2016-02-08,390.449,16.301
2016-02-09,390.445,16.244
2016-02-10,390.429,16.020
2016-02-11,390.421,15.909
2016-02-12,390.400,15.618
2016-02-13,390.400,15.618
2016-02-14,390.400,15.618
2016-02-15,390.398,15.590
2016-02-16,390.398,15.590
2016-02-17,390.398,15.590
2016-02-18,390.390,15.480
2016-02-19,390.385,15.411
2016-02-20,390.379,15.329
2016-02-21,390.371,15.219
2016-02-22,390.359,15.056
2016-02-23,390.359,15.056
2016-02-24,390.359,15.056
2016-02-25,390.353,14.974
2016-02-26,390.350,14.934
2016-02-27,390.347,14.893
2016-02-28,390.340,14.798
2016-02-29,390.332,14.690
2016-03-01,390.323,14.569
2016-03-02,390.309,14.382
2016-03-03,390.309,14.382
2016-03-04,390.304,14.315
2016-03-05,390.299,14.248
2016-03-06,390.295,14.195
2016-03-07,390.285,14.063
2016-03-08,390.281,14.010
2016-03-09,390.279,13.983
2016-03-10,390.271,13.878
2016-03-11,390.263,13.773
2016-03-12,390.250,13.602
2016-03-13,390.249,13.589
2016-03-14,390.248,13.576
2016-03-15,390.247,13.563
2016-03-16,390.239,13.459
2016-03-17,390.229,13.329
2016-03-18,390.220,13.213
2016-03-19,390.215,13.148
2016-03-20,390.209,13.071
2016-03-21,390.203,12.994
2016-03-22,390.191,12.841
2016-03-23,390.188,12.802
2016-03-24,390.185,12.764
2016-03-25,390.181,12.713
2016-03-26,390.178,12.675
2016-03-27,390.146,12.271
2016-03-28,390.162,12.472
2016-03-29,390.131,12.084
2016-03-30,390.141,12.209
2016-03-31,390.138,12.171
2016-04-01,390.129,12.059
2016-04-02,390.119,11.934
2016-04-03,390.111,11.835
2016-04-04,390.111,11.835
2016-04-05,390.108,11.798
2016-04-06,390.089,11.564
2016-04-07,390.089,11.564
2016-04-08,390.085,11.516
2016-04-09,390.078,11.430
2016-04-10,390.063,11.248
2016-04-11,390.058,11.187
2016-04-12,390.055,11.151
2016-04-13,390.050,11.090
2016-04-14,390.044,11.018
2016-04-15,390.037,10.934
2016-04-16,390.027,10.814
2016-04-17,390.019,10.719
2016-04-18,390.010,10.612
2016-04-19,389.990,10.376
2016-04-20,389.981,10.270
2016-04-21,389.975,10.200
2016-04-22,389.973,10.176
2016-04-23,389.970,10.141
2016-04-24,389.965,10.083
2016-04-25,389.958,10.002
2016-04-26,389.953,9.944
2016-04-27,389.949,9.898
2016-04-28,389.945,9.852
2016-04-29,389.939,9.782
2016-04-30,389.935,9.736
2016-05-01,389.939,9.782
2016-05-02,389.940,9.794
2016-05-03,389.935,9.736
2016-05-04,389.937,9.759
2016-05-05,389.941,9.805
2016-05-06,389.941,9.805
2016-05-07,389.945,9.852
2016-05-08,389.950,9.909
2016-05-09,389.943,9.828
2016-05-10,389.939,9.782
2016-05-11,389.935,9.736
2016-05-12,389.927,9.645
2016-05-13,389.900,9.337
2016-05-14,389.891,9.236
2016-05-15,389.885,9.168
2016-05-16,389.885,9.168
2016-05-17,389.900,9.337
2016-05-18,389.989,10.364
2016-05-19,389.995,10.435
2016-05-20,389.885,9.168
2016-05-21,389.875,9.056
2016-05-22,389.870,9.000
2016-05-23,389.873,9.034
2016-05-24,389.990,10.376
2016-05-25,389.985,10.317
2016-05-26,389.990,10.376
2016-05-27,389.985,10.317
2016-05-28,389.982,10.282
2016-05-29,389.990,10.376
2016-05-30,389.987,10.340
2016-05-31,389.985,10.317
2016-06-01,389.988,10.352
2016-06-02,390.100,11.700
2016-06-03,390.110,11.823
2016-06-04,390.120,11.947
2016-06-05,390.155,12.384
2016-06-06,390.189,12.815
2016-06-07,390.185,12.764
2016-06-08,390.182,12.726
2016-06-09,390.185,12.764
2016-06-10,390.199,12.943
2016-06-11,390.198,12.930
2016-06-12,390.205,13.020
2016-06-13,390.199,12.943
2016-06-14,390.198,12.930
2016-06-15,390.189,12.815
2016-06-16,390.179,12.688
2016-06-17,390.170,12.574
2016-06-18,390.179,12.688
2016-06-19,390.185,12.764
2016-06-20,390.185,12.764
2016-06-21,390.187,12.790
2016-06-22,390.182,12.726
2016-06-23,390.179,12.688
2016-06-24,390.172,12.599
2016-06-25,390.155,12.384
2016-06-26,390.147,12.284
2016-06-27,390.145,12.259
2016-06-28,390.137,12.159
2016-06-29,390.129,12.059
2016-06-30,390.129,12.059
2016-07-01,390.137,12.159
2016-07-02,390.140,12.196
2016-07-03,390.145,12.259
2016-07-04,390.149,12.309
2016-07-05,390.145,12.259
2016-07-06,390.145,12.259
2016-07-07,390.149,12.309
2016-07-08,390.153,12.359
2016-07-09,390.152,12.347
2016-07-10,390.150,12.321
2016-07-11,390.150,12.321
2016-07-12,390.150,12.321
2016-07-13,390.149,12.309
2016-07-14,390.148,12.296
2016-07-15,390.150,12.321
2016-07-16,390.158,12.422
2016-07-17,390.165,12.510
2016-07-18,390.160,12.447
2016-07-19,390.140,12.196
2016-07-20,390.139,12.184
2016-07-21,390.138,12.171
2016-07-22,390.140,12.196
2016-07-23,390.159,12.435
2016-07-24,390.157,12.409
2016-07-25,390.155,12.384
2016-07-26,390.159,12.435
2016-07-27,390.159,12.435
2016-07-28,390.155,12.384
2016-07-29,390.149,12.309
2016-07-30,390.143,12.234
2016-07-31,390.137,12.159
2016-08-01,390.130,12.071
2016-08-02,390.120,11.947
2016-08-03,390.119,11.934
2016-08-04,390.120,11.947
2016-08-05,390.120,11.947
2016-08-06,390.120,11.947
2016-08-07,390.120,11.947
2016-08-08,390.130,12.071
2016-08-09,390.125,12.009
2016-08-10,390.135,12.134
2016-08-11,390.140,12.196
2016-08-12,390.142,12.221
2016-08-13,390.145,12.259
2016-08-14,390.148,12.296
2016-08-15,390.152,12.347
2016-08-16,390.148,12.296
2016-08-17,390.150,12.321
2016-08-18,390.153,12.359
2016-08-19,390.159,12.435
2016-08-20,390.181,12.713
2016-08-21,390.210,13.084
2016-08-22,390.220,13.213
2016-08-23,390.310,14.395
2016-08-24,390.400,15.618
2016-08-25,390.475,16.668
2016-08-26,390.522,17.340
2016-08-27,390.580,18.185
2016-08-28,390.639,19.061
2016-08-29,390.699,19.971
2016-08-30,390.749,20.742
2016-08-31,390.819,21.844
2016-09-01,390.898,23.116
2016-09-02,390.970,24.302
2016-09-03,391.050,25.651
2016-09-04,391.100,26.511
2016-09-05,391.140,27.207
2016-09-06,391.180,27.912
2016-09-07,391.200,28.267
2016-09-08,391.240,28.983
2016-09-09,391.300,30.073
2016-09-10,391.400,31.929
2016-09-11,391.440,32.685
2016-09-12,391.640,36.588
2016-09-13,392.080,45.877
2016-09-14,392.400,53.241
2016-09-15,392.660,59.601
2016-09-16,392.820,63.683
2016-09-17,392.900,65.772
2016-09-18,392.950,67.093
2016-09-19,393.150,72.506
2016-09-20,393.100,71.134
2016-09-21,393.060,70.045
2016-09-22,393.040,69.504
2016-09-23,392.950,67.093
2016-09-24,392.940,66.828
2016-09-25,392.940,66.828
2016-09-26,392.900,65.772
2016-09-27,392.880,65.246
2016-09-28,392.840,64.202
2016-09-29,392.800,63.165
2016-09-30,392.770,62.393
2016-10-01,392.720,61.116
2016-10-02,392.680,60.104
2016-10-03,392.640,59.099
2016-10-04,392.620,58.600
2016-10-05,392.620,58.600
2016-10-06,392.630,58.850
2016-10-07,392.670,59.852
2016-10-08,392.680,60.104
2016-10-09,392.660,59.601
2016-10-10,392.640,59.099
2016-10-11,392.600,58.103
2016-10-12,392.590,57.855
2016-10-13,392.550,56.869
2016-10-14,392.560,57.114
2016-10-15,392.560,57.114
2016-10-16,392.550,56.869
2016-10-17,392.560,57.114
2016-10-18,392.550,56.869
2016-10-19,392.530,56.378
2016-10-20,392.510,55.890
2016-10-21,392.480,55.161
2016-10-22,392.450,54.437
2016-10-23,392.420,53.718
2016-10-24,392.400,53.241
2016-10-25,392.380,52.765
2016-10-26,392.400,53.241
2016-10-27,392.420,53.718
2016-10-28,392.420,53.718
2016-10-29,392.420,53.718
2016-10-30,392.480,55.161
2016-10-31,392.550,56.869
2016-11-01,392.580,57.608
2016-11-02,392.550,56.869
2016-11-03,392.520,56.134
2016-11-04,392.510,55.890
2016-11-05,392.510,55.890
2016-11-06,392.500,55.647
2016-11-07,392.500,55.647
2016-11-08,392.500,55.647
2016-11-09,392.500,55.647
2016-11-10,392.530,56.378
2016-11-11,392.530,56.378
2016-11-12,392.800,63.165
2016-11-13,392.840,64.202
2016-11-14,392.820,63.683
2016-11-15,392.820,63.683
2016-11-16,392.820,63.683
2016-11-17,392.790,62.907
2016-11-18,392.750,61.881
2016-11-19,392.700,60.609
2016-11-20,392.670,59.852
2016-11-21,392.640,59.099
2016-11-22,392.600,58.103
2016-11-23,392.570,57.361
2016-11-24,392.520,56.134
2016-11-25,392.510,55.890
2016-11-26,392.490,55.404
2016-11-27,392.460,54.678
2016-11-28,392.440,54.197
2016-11-29,392.420,53.718
2016-11-30,392.400,53.241
2016-12-01,392.350,52.056
2016-12-02,392.350,52.056
2016-12-03,392.340,51.821
2016-12-04,392.320,51.352
2016-12-05,392.310,51.118
2016-12-06,392.300,50.884
2016-12-07,392.280,50.419
2016-12-08,392.270,50.187
2016-12-09,392.250,49.725
2016-12-10,392.240,49.495
2016-12-11,392.220,49.035
2016-12-12,392.210,48.807
2016-12-13,392.200,48.578
2016-12-14,392.190,48.350
2016-12-15,392.180,48.123
2016-12-16,392.170,47.896
2016-12-17,392.170,47.896
2016-12-18,392.160,47.670
2016-12-19,392.150,47.444
2016-12-20,392.150,47.444
2016-12-21,392.150,47.444
2016-12-22,392.150,47.444
2016-12-23,392.150,47.444
2016-12-24,392.150,47.444
2016-12-25,392.150,47.444
2016-12-26,392.150,47.444
2016-12-27,392.150,47.444
2016-12-28,392.150,47.444
2016-12-29,392.150,47.444
2016-12-30,392.150,47.444
2016-12-31,392.150,47.444
2017-01-01,392.140,47.219
2017-01-02,392.140,47.219
2017-01-03,392.140,47.219
2017-01-04,392.140,47.219
2017-01-05,392.140,47.219
2017-01-06,392.140,47.219
2017-01-07,392.150,47.444
2017-01-08,392.150,47.444
2017-01-09,392.150,47.444
2017-01-10,392.150,47.444
2017-01-11,392.170,47.896
2017-01-12,392.200,48.578
2017-01-13,392.210,48.807
2017-01-14,392.220,49.035
2017-01-15,392.230,49.265
2017-01-16,392.230,49.265
2017-01-17,392.230,49.265
2017-01-18,392.230,49.265
2017-01-19,392.230,49.265
2017-01-20,392.220,49.035
2017-01-21,392.220,49.035
2017-01-22,392.220,49.035
2017-01-23,392.220,49.035
2017-01-24,392.220,49.035
2017-01-25,392.210,48.807
2017-01-26,392.210,48.807
2017-01-27,392.210,48.807
2017-01-28,392.200,48.578
2017-01-29,392.200,48.578
2017-01-30,392.190,48.350
2017-01-31,392.190,48.350
2017-02-01,392.190,48.350
2017-02-02,392.170,47.896
2017-02-03,392.170,47.896
2017-02-04,392.170,47.896
2017-02-05,392.170,47.896
2017-02-06,392.160,47.670
2017-02-07,392.150,47.444
2017-02-08,392.140,47.219
2017-02-09,392.140,47.219
2017-02-10,392.140,47.219
2017-02-11,392.130,46.994
2017-02-12,392.120,46.769
2017-02-13,392.100,46.322
2017-02-14,392.090,46.099
2017-02-15,392.030,44.772
2017-02-16,392.030,44.772
2017-02-17,391.990,43.898
2017-02-18,391.960,43.247
2017-02-19,391.960,43.247
2017-02-20,391.960,43.247
2017-02-21,391.890,41.747
2017-02-22,391.880,41.534
2017-02-23,391.880,41.534
2017-02-24,391.870,41.323
2017-02-25,391.860,41.111
2017-02-26,391.850,40.900
2017-02-27,391.840,40.690
2017-02-28,391.840,40.690
2017-03-01,391.840,40.690
2017-03-02,391.840,40.690
2017-03-03,391.830,40.480
2017-03-04,391.830,40.480
2017-03-05,391.830,40.480
2017-03-06,391.820,40.271
2017-03-07,391.820,40.271
2017-03-08,391.810,40.062
2017-03-09,391.750,38.819
2017-03-10,391.710,38.001
2017-03-11,391.680,37.392
2017-03-12,391.640,36.588
2017-03-13,391.600,35.791
2017-03-14,391.600,35.791
2017-03-15,391.590,35.593
2017-03-16,391.580,35.396
2017-03-17,391.570,35.199
2017-03-18,391.560,35.003
2017-03-19,391.550,34.807
2017-03-20,391.540,34.612
2017-03-21,391.540,34.612
2017-03-22,391.540,34.612
2017-03-23,391.530,34.417
2017-03-24,391.520,34.222
2017-03-25,391.510,34.028
2017-03-26,391.500,33.835
2017-03-27,391.490,33.642
2017-03-28,391.480,33.450
2017-03-29,391.460,33.067
2017-03-30,391.460,33.067
2017-03-31,391.460,33.067
2017-04-01,391.450,32.876
2017-04-02,391.460,33.067
2017-04-03,391.460,33.067
2017-04-04,391.440,32.685
2017-04-05,391.430,32.496
2017-04-06,391.420,32.306
2017-04-07,391.400,31.929
2017-04-08,391.400,31.929
2017-04-09,391.350,30.995
2017-04-10,391.350,30.995
2017-04-11,391.280,29.708
2017-04-12,391.280,29.708
2017-04-13,391.280,29.708
2017-04-14,391.280,29.708
2017-04-15,391.280,29.708
2017-04-16,391.280,29.708
2017-04-17,391.280,29.708
2017-04-18,391.280,29.708
2017-04-19,391.280,29.708
2017-04-20,391.280,29.708
2017-04-21,391.280,29.708
2017-04-22,391.260,29.344
2017-04-23,391.260,29.344
2017-04-24,391.260,29.344
2017-04-25,391.260,29.344
2017-04-26,391.260,29.344
2017-04-27,391.260,29.344
2017-04-28,391.260,29.344
2017-04-29,391.260,29.344
2017-04-30,391.260,29.344
2017-05-01,391.220,28.624
2017-05-02,391.210,28.445
2017-05-03,391.210,28.445
2017-05-04,391.210,28.445
2017-05-05,391.200,28.267
2017-05-06,391.200,28.267
2017-05-07,391.190,28.089
2017-05-08,391.180,27.912
2017-05-09,391.170,27.735
2017-05-10,391.170,27.735
2017-05-11,391.160,27.558
2017-05-12,391.160,27.558
2017-05-13,391.150,27.382
2017-05-14,391.140,27.207
2017-05-15,391.140,27.207
2017-05-16,391.310,30.256
2017-05-17,391.420,32.306
2017-05-18,391.650,36.788
2017-05-19,391.820,40.271
2017-05-20,391.900,41.960
2017-05-21,392.000,44.116
2017-05-22,392.020,44.553
2017-05-23,392.050,45.213
2017-05-24,392.060,45.434
2017-05-25,392.100,46.322
2017-05-26,392.100,46.322
2017-05-27,392.080,45.877
2017-05-28,392.060,45.434
2017-05-29,392.020,44.553
2017-05-30,392.010,44.334
2017-05-31,392.000,44.116
2017-06-01,391.990,43.898
2017-06-02,391.980,43.681
2017-06-03,391.970,43.464
2017-06-04,391.970,43.464
2017-06-05,391.960,43.247
2017-06-06,391.950,43.032
2017-06-07,391.930,42.601
2017-06-08,391.930,42.601
2017-06-09,391.930,42.601
2017-06-10,391.940,42.816
2017-06-11,391.950,43.032
2017-06-12,391.960,43.247
2017-06-13,391.960,43.247
2017-06-14,391.950,43.032
2017-06-15,391.930,42.601
2017-06-16,391.920,42.387
2017-06-17,391.900,41.960
2017-06-18,391.880,41.534
2017-06-19,391.840,40.690
2017-06-20,391.820,40.271
2017-06-21,391.800,39.854
2017-06-22,391.780,39.438
2017-06-23,391.760,39.025
2017-06-24,391.740,38.614
2017-06-25,391.730,38.409
2017-06-26,391.720,38.205
2017-06-27,391.730,38.409
2017-06-28,391.720,38.205
2017-06-29,391.720,38.205
2017-06-30,391.720,38.205
2017-07-01,391.730,38.409
2017-07-02,391.720,38.205
2017-07-03,391.710,38.001
2017-07-04,391.700,37.797
2017-07-05,391.700,37.797
2017-07-06,391.720,38.205
2017-07-07,391.720,38.205
2017-07-08,391.730,38.409
2017-07-09,391.730,38.409
2017-07-10,391.750,38.819
2017-07-11,391.760,39.025
2017-07-12,391.780,39.438
2017-07-13,391.780,39.438
2017-07-14,391.790,39.646
2017-07-15,391.830,40.480
2017-07-16,391.930,42.601
2017-07-17,392.010,44.334
2017-07-18,392.190,48.350
2017-07-19,392.370,52.528
2017-07-20,392.460,54.678
2017-07-21,392.500,55.647
2017-07-22,392.550,56.869
2017-07-23,392.600,58.103
2017-07-24,392.670,59.852
2017-07-25,392.700,60.609
2017-07-26,392.740,61.626
2017-07-27,392.720,61.116
2017-07-28,392.690,60.356
2017-07-29,392.690,60.356
2017-07-30,392.650,59.350
2017-07-31,392.620,58.600
2017-08-01,392.570,57.361
2017-08-02,392.530,56.378
2017-08-03,392.480,55.161
2017-08-04,392.430,53.957
2017-08-05,392.390,53.003
2017-08-06,392.350,52.056
2017-08-07,392.320,51.352
2017-08-08,392.310,51.118
2017-08-09,392.280,50.419
2017-08-10,392.260,49.956
2017-08-11,392.230,49.265
2017-08-12,392.190,48.350
2017-08-13,392.140,47.219
2017-08-14,392.080,45.877
2017-08-15,392.040,44.992
2017-08-16,392.070,45.655
2017-08-17,392.090,46.099
2017-08-18,392.100,46.322
2017-08-19,392.120,46.769
2017-08-20,392.160,47.670
2017-08-21,392.270,50.187
2017-08-22,392.280,50.419
2017-08-23,392.300,50.884
2017-08-24,392.310,51.118
2017-08-25,392.340,51.821
2017-08-26,392.350,52.056
2017-08-27,392.350,52.056
2017-08-28,392.330,51.586
2017-08-29,392.310,51.118
2017-08-30,392.340,51.821
2017-08-31,392.400,53.241
2017-09-01,392.440,54.197
2017-09-02,392.420,53.718
2017-09-03,392.390,53.003
2017-09-04,392.360,52.292
2017-09-05,392.310,51.118
2017-09-06,392.300,50.884
2017-09-07,392.420,53.718
2017-09-08,392.560,57.114
2017-09-09,392.670,59.852
2017-09-10,392.730,61.371
2017-09-11,392.770,62.393
2017-09-12,392.820,63.683
2017-09-13,392.840,64.202
2017-09-14,392.830,63.942
2017-09-15,392.810,63.424
2017-09-16,392.770,62.393
2017-09-17,392.850,64.462
2017-09-18,392.910,66.035
2017-09-19,392.910,66.035
2017-09-20,392.890,65.509
2017-09-21,392.850,64.462
2017-09-22,392.810,63.424
2017-09-23,392.780,62.650
2017-09-24,392.770,62.393
2017-09-25,392.750,61.881
2017-09-26,392.710,60.862
2017-09-27,392.680,60.104
2017-09-28,392.650,59.350
2017-09-29,392.650,59.350
2017-09-30,392.700,60.609
2017-10-01,392.750,61.881
2017-10-02,392.770,62.393
2017-10-03,392.760,62.137
2017-10-04,392.810,63.424
2017-10-05,392.910,66.035
2017-10-06,393.000,68.428
2017-10-07,393.060,70.045
2017-10-08,393.090,70.861
2017-10-09,393.120,71.681
2017-10-10,393.120,71.681
2017-10-11,393.170,73.058
2017-10-12,393.390,79.265
2017-10-13,393.420,80.130
2017-10-14,393.495,82.312
2017-10-15,393.480,81.874
2017-10-16,393.450,80.999
2017-10-17,393.390,79.265
2017-10-18,393.340,77.833
2017-10-19,393.270,75.849
2017-10-20,393.180,73.335
2017-10-21,393.110,71.407
2017-10-22,393.030,69.234
2017-10-23,392.920,66.299
2017-10-24,392.860,64.723
2017-10-25,392.810,63.424
2017-10-26,392.780,62.650
2017-10-27,392.760,62.137
2017-10-28,392.770,62.393
2017-10-29,392.770,62.393
2017-10-30,392.780,62.650
2017-10-31,392.790,62.907
2017-11-01,392.750,61.881
2017-11-02,392.725,61.243
2017-11-03,392.690,60.356
2017-11-04,392.660,59.601
2017-11-05,392.660,59.601
2017-11-06,392.570,57.361
2017-11-07,392.530,56.378
2017-11-08,392.520,56.134
2017-11-09,392.500,55.647
2017-11-10,392.480,55.161
2017-11-11,392.470,54.920
2017-11-12,392.450,54.437
2017-11-13,392.440,54.197
2017-11-14,392.430,53.957
2017-11-15,392.410,53.479
2017-11-16,392.410,53.479
2017-11-17,392.390,53.003
2017-11-18,392.380,52.765
2017-11-19,392.370,52.528
2017-11-20,392.350,52.056
2017-11-21,392.330,51.586
2017-11-22,392.310,51.118
2017-11-23,392.290,50.652
2017-11-24,392.270,50.187
2017-11-25,392.260,49.956
2017-11-26,392.250,49.725
2017-11-27,392.230,49.265
2017-11-28,392.220,49.035
2017-11-29,392.220,49.035
2017-11-30,392.230,49.265
2017-12-01,392.230,49.265
2017-12-02,392.230,49.265
2017-12-03,392.230,49.265
2017-12-04,392.230,49.265
2017-12-05,392.230,49.265
2017-12-06,392.230,49.265
2017-12-07,392.230,49.265
2017-12-08,392.230,49.265
2017-12-09,392.230,49.265
2017-12-10,392.230,49.265
2017-12-11,392.230,49.265
2017-12-12,392.230,49.265
2017-12-13,392.230,49.265
2017-12-14,392.240,49.495
2017-12-15,392.240,49.495
2017-12-16,392.240,49.495
2017-12-17,392.240,49.495
2017-12-18,392.230,49.265
2017-12-19,392.230,49.265
2017-12-20,392.230,49.265
2017-12-21,392.220,49.035
2017-12-22,392.220,49.035
2017-12-23,392.210,48.807
2017-12-24,392.210,48.807
2017-12-25,393.210,74.168
2017-12-26,392.230,49.265
2017-12-27,392.280,50.419
2017-12-28,392.290,50.652
2017-12-29,392.300,50.884
2017-12-30,392.290,50.652
2017-12-31,392.300,50.884
2018-01-01,392.310,51.118
2018-01-02,392.310,51.118
2018-01-03,392.310,51.118
2018-01-04,392.310,51.118
2018-01-05,392.300,50.884
2018-01-06,392.290,50.652
2018-01-07,392.290,50.652
2018-01-08,392.290,50.652
2018-01-09,392.290,50.652
2018-01-10,392.300,50.884
2018-01-11,392.290,50.652
2018-01-12,392.300,50.884
2018-01-13,392.300,50.884
2018-01-14,392.290,50.652
2018-01-15,392.290,50.652
2018-01-16,392.290,50.652
2018-01-17,392.290,50.652
2018-01-18,392.290,50.652
2018-01-19,392.290,50.652
2018-01-20,392.280,50.419
2018-01-21,392.280,50.419
2018-01-22,392.270,50.187
2018-01-23,392.270,50.187
2018-01-24,392.260,49.956
2018-01-25,392.260,49.956
2018-01-26,392.250,49.725
2018-01-27,392.240,49.495
2018-01-28,392.230,49.265
2018-01-29,392.230,49.265
2018-01-30,392.220,49.035
2018-01-31,392.210,48.807
2018-02-01,392.210,48.807
2018-02-02,392.200,48.578
2018-02-03,392.190,48.350
2018-02-04,392.190,48.350
2018-02-05,392.190,48.350
2018-02-06,392.180,48.123
2018-02-07,392.170,47.896
2018-02-08,392.170,47.896
2018-02-09,392.150,47.444
2018-02-10,392.150,47.444
2018-02-11,392.150,47.444
2018-02-12,392.150,47.444
2018-02-13,392.110,46.545
2018-02-14,392.070,45.655
2018-02-15,392.030,44.772
2018-02-16,392.010,44.334
2018-02-17,392.000,44.116
2018-02-18,391.990,43.898
2018-02-19,391.980,43.681
2018-02-20,391.970,43.464
2018-02-21,391.970,43.464
2018-02-22,391.970,43.464
2018-02-23,391.950,43.032
2018-02-24,391.950,43.032
2018-02-25,391.950,43.032
2018-02-26,391.950,43.032
2018-02-27,391.940,42.816
2018-02-28,391.930,42.601
2018-03-01,391.930,42.601
2018-03-02,391.930,42.601
2018-03-03,391.920,42.387
2018-03-04,391.910,42.173
2018-03-05,391.900,41.960
2018-03-06,391.890,41.747
2018-03-07,391.890,41.747
2018-03-08,391.880,41.534
2018-03-09,391.880,41.534
2018-03-10,391.880,41.534
2018-03-11,391.870,41.323
2018-03-12,391.870,41.323
2018-03-13,391.830,40.480
2018-03-14,391.830,40.480
2018-03-15,391.820,40.271
2018-03-16,391.810,40.062
2018-03-17,391.800,39.854
2018-03-18,391.790,39.646
2018-03-19,391.750,38.819
2018-03-20,391.690,37.595
2018-03-21,391.690,37.595
2018-03-22,391.610,35.990
2018-03-23,391.600,35.791
2018-03-24,391.600,35.791
2018-03-25,391.600,35.791
2018-03-26,391.590,35.593
2018-03-27,391.580,35.396
2018-03-28,391.580,35.396
2018-03-29,391.570,35.199
2018-03-30,391.570,35.199
2018-03-31,391.570,35.199
2018-04-01,391.560,35.003
2018-04-02,391.560,35.003
2018-04-03,391.550,34.807
2018-04-04,391.510,34.028
2018-04-05,391.490,33.642
2018-04-06,391.500,33.835
2018-04-07,391.500,33.835
2018-04-08,391.610,35.990
2018-04-09,391.630,36.388
2018-04-10,391.630,36.388
2018-04-11,391.630,36.388
2018-04-12,391.630,36.388
2018-04-13,391.620,36.188
2018-04-14,391.620,36.188
2018-04-15,391.620,36.188
2018-04-16,391.620,36.188
2018-04-17,391.610,35.990
2018-04-18,391.650,36.788
2018-04-19,391.660,36.989
2018-04-20,391.670,37.190
2018-04-21,391.680,37.392
2018-04-22,391.670,37.190
2018-04-23,391.670,37.190
2018-04-24,391.670,37.190
2018-04-25,391.670,37.190
2018-04-26,391.670,37.190
2018-04-27,391.690,37.595
2018-04-28,391.730,38.409
2018-04-29,391.730,38.409
2018-04-30,391.760,39.025
2018-05-01,391.770,39.231
2018-05-02,391.840,40.690
2018-05-03,391.970,43.464
2018-05-04,392.070,45.655
2018-05-05,392.120,46.769
2018-05-06,392.150,47.444
2018-05-07,392.150,47.444
2018-05-08,392.140,47.219
2018-05-09,392.100,46.322
2018-05-10,392.070,45.655
2018-05-11,392.060,45.434
2018-05-12,391.990,43.898
2018-05-13,392.090,46.099
2018-05-14,392.100,46.322
2018-05-15,392.090,46.099
2018-05-16,392.050,45.213
2018-05-17,392.010,44.334
2018-05-18,391.990,43.898
2018-05-19,392.030,44.772
2018-05-20,392.090,46.099
2018-05-21,392.120,46.769
2018-05-22,392.120,46.769
2018-05-23,392.120,46.769
2018-05-24,392.050,45.213
2018-05-25,391.990,43.898
2018-05-26,391.990,43.898
2018-05-27,391.910,42.173
2018-05-28,391.850,40.900
2018-05-29,391.830,40.480
2018-05-30,391.820,40.271
2018-05-31,391.830,40.480
2018-06-01,391.840,40.690
2018-06-02,390.800,21.542
2018-06-03,391.750,38.819
2018-06-04,391.700,37.797
2018-06-05,391.650,36.788
2018-06-06,391.570,35.199
2018-06-07,391.550,34.807
2018-06-08,391.510,34.028
2018-06-09,391.470,33.258
2018-06-10,391.460,33.067
2018-06-11,391.450,32.876
2018-06-12,391.460,33.067
2018-06-13,391.470,33.258
2018-06-14,391.490,33.642
2018-06-15,391.500,33.835
2018-06-16,391.500,33.835
2018-06-17,391.510,34.028
2018-06-18,391.530,34.417
2018-06-19,391.550,34.807
2018-06-20,391.570,35.199
2018-06-21,391.550,34.807
2018-06-22,391.580,35.396
2018-06-23,391.600,35.791
2018-06-24,391.600,35.791
2018-06-25,391.610,35.990
2018-06-26,391.630,36.388
2018-06-27,391.610,35.990
2018-06-28,391.620,36.188
2018-06-29,391.630,36.388
2018-06-30,391.610,35.990
2018-07-01,391.630,36.388
2018-07-02,391.610,35.990
2018-07-03,391.590,35.593
2018-07-04,391.590,35.593
2018-07-05,391.580,35.396
2018-07-06,391.550,34.807
2018-07-07,391.550,34.807
2018-07-08,391.550,34.807
2018-07-09,391.550,34.807
2018-07-10,391.550,34.807
2018-07-11,391.570,35.199
2018-07-12,391.590,35.593
2018-07-13,391.600,35.791
2018-07-14,391.620,36.188
2018-07-15,391.630,36.388
2018-07-16,391.630,36.388
2018-07-17,391.630,36.388
2018-07-18,391.630,36.388
2018-07-19,391.640,36.588
2018-07-20,391.650,36.788
2018-07-21,391.670,37.190
2018-07-22,391.690,37.595
2018-07-23,391.700,37.797
2018-07-24,391.710,38.001
2018-07-25,391.730,38.409
2018-07-26,391.720,38.205
2018-07-27,391.710,38.001
2018-07-28,391.690,37.595
2018-07-29,391.680,37.392
2018-07-30,391.670,37.190
2018-07-31,391.640,36.588
2018-08-01,391.620,36.188
2018-08-02,391.560,35.003
2018-08-03,391.600,35.791
2018-08-04,391.580,35.396
2018-08-05,391.570,35.199
2018-08-06,391.580,35.396
2018-08-07,391.610,35.990
2018-08-08,391.610,35.990
2018-08-09,391.630,36.388
2018-08-10,391.670,37.190
2018-08-11,391.690,37.595
2018-08-12,391.680,37.392
2018-08-13,391.710,38.001
2018-08-14,391.720,38.205
2018-08-15,391.700,37.797
2018-08-16,391.680,37.392
2018-08-17,391.660,36.989
2018-08-18,391.660,36.989
2018-08-19,391.660,36.989
2018-08-20,391.800,39.854
2018-08-21,391.710,38.001
2018-08-22,391.690,37.595
2018-08-23,391.590,35.593
2018-08-24,391.590,35.593
2018-08-25,391.580,35.396
2018-08-26,391.570,35.199
2018-08-27,391.540,34.612
2018-08-28,391.510,34.028
2018-08-29,391.490,33.642
2018-08-30,391.470,33.258
2018-08-31,391.460,33.067
2018-09-01,391.430,32.496
2018-09-02,391.450,32.876
2018-09-03,391.450,32.876
2018-09-04,391.430,32.496
2018-09-05,391.400,31.929
2018-09-06,391.400,31.929
2018-09-07,391.390,31.741
2018-09-08,391.430,32.496
2018-09-09,391.450,32.876
2018-09-10,391.520,34.222
2018-09-11,391.580,35.396
2018-09-12,391.590,35.593
2018-09-13,391.580,35.396
2018-09-14,391.560,35.003
2018-09-15,391.600,35.791
2018-09-16,391.610,35.990
2018-09-17,391.590,35.593
2018-09-18,391.600,35.791
2018-09-19,391.680,37.392
2018-09-20,391.730,38.409
2018-09-21,391.750,38.819
2018-09-22,391.820,40.271
2018-09-23,391.870,41.323
2018-09-24,391.900,41.960
2018-09-25,391.870,41.323
2018-09-26,391.860,41.111
2018-09-27,391.880,41.534
2018-09-28,391.870,41.323
2018-09-29,391.860,41.111
2018-09-30,391.840,40.690
2018-10-01,391.820,40.271
2018-10-02,391.810,40.062
2018-10-03,391.990,43.898
2018-10-04,392.170,47.896
2018-10-05,392.230,49.265
2018-10-06,392.290,50.652
2018-10-07,392.280,50.419
2018-10-08,392.250,49.725
2018-10-09,392.200,48.578
2018-10-10,392.210,48.807
2018-10-11,392.160,47.670
2018-10-12,392.110,46.545
2018-10-13,392.070,45.655
2018-10-14,392.030,44.772
2018-10-15,392.000,44.116
2018-10-16,391.980,43.681
2018-10-17,391.980,43.681
2018-10-18,391.990,43.898
2018-10-19,392.000,44.116
2018-10-20,392.010,44.334
2018-10-21,392.000,44.116
2018-10-22,392.050,45.213
2018-10-23,392.050,45.213
2018-10-24,392.060,45.434
2018-10-25,392.090,46.099
2018-10-26,392.080,45.877
2018-10-27,392.110,46.545
2018-10-28,392.100,46.322
2018-10-29,392.100,46.322
2018-10-30,392.080,45.877
2018-10-31,392.050,45.213
2018-11-01,392.050,45.213
2018-11-02,392.030,44.772
2018-11-03,392.050,45.213
2018-11-04,392.000,44.116
2018-11-05,392.000,44.116
2018-11-06,392.000,44.116
2018-11-07,392.000,44.116
2018-11-08,392.000,44.116
2018-11-09,392.000,44.116
2018-11-10,391.980,43.681
2018-11-11,391.980,43.681
2018-11-12,391.990,43.898
2018-11-13,391.970,43.464
2018-11-14,391.960,43.247
2018-11-15,391.950,43.032
2018-11-16,391.950,43.032
2018-11-17,391.940,42.816
2018-11-18,391.930,42.601
2018-11-19,391.920,42.387
2018-11-20,391.910,42.173
2018-11-21,391.900,41.960
2018-11-22,391.890,41.747
2018-11-23,391.890,41.747
2018-11-24,391.850,40.900
2018-11-25,391.840,40.690
2018-11-26,391.830,40.480
2018-11-27,391.820,40.271
2018-11-28,391.810,40.062
2018-11-29,391.810,40.062
2018-11-30,391.810,40.062
2018-12-01,391.810,40.062
2018-12-02,391.810,40.062
2018-12-03,391.800,39.854
2018-12-04,391.800,39.854
2018-12-05,391.800,39.854
2018-12-06,391.750,38.819
2018-12-07,391.790,39.646
2018-12-08,391.790,39.646
2018-12-09,391.790,39.646
2018-12-10,391.780,39.438
2018-12-11,391.770,39.231
2018-12-12,391.770,39.231
2018-12-13,391.780,39.438
2018-12-14,391.780,39.438
2018-12-15,391.780,39.438
2018-12-16,391.780,39.438
2018-12-17,391.770,39.231
2018-12-18,391.770,39.231
2018-12-19,391.750,38.819
2018-12-20,391.750,38.819
2018-12-21,391.750,38.819
2018-12-22,391.750,38.819
2018-12-23,391.750,38.819
2018-12-24,391.710,38.001
2018-12-25,391.700,37.797
2018-12-26,391.690,37.595
2018-12-27,391.680,37.392
2018-12-28,391.670,37.190
2018-12-29,391.650,36.788
2018-12-30,391.650,36.788
2018-12-31,391.630,36.388
2019-01-01,391.630,36.388
2019-01-02,391.630,36.388
2019-01-03,391.620,36.188
2019-01-04,391.610,35.990
2019-01-05,391.590,35.593
2019-01-06,391.580,35.396
2019-01-07,391.570,35.199
2019-01-08,391.570,35.199
2019-01-09,391.610,35.990
2019-01-10,391.620,36.188
2019-01-11,391.620,36.188
2019-01-12,391.630,36.388
2019-01-13,391.630,36.388
2019-01-14,391.630,36.388
2019-01-15,391.630,36.388
2019-01-16,391.640,36.588
2019-01-17,391.640,36.588
2019-01-18,391.640,36.588
2019-01-19,391.640,36.588
2019-01-20,391.640,36.588
2019-01-21,391.640,36.588
2019-01-22,391.640,36.588
2019-01-23,391.640,36.588
2019-01-24,391.630,36.388
2019-01-25,391.630,36.388
2019-01-26,391.630,36.388
2019-01-27,391.630,36.388
2019-01-28,391.620,36.188
2019-01-29,391.620,36.188
2019-01-30,391.620,36.188
2019-01-31,391.610,35.990
2019-02-01,391.610,35.990
2019-02-02,391.610,35.990
2019-02-03,391.610,35.990
2019-02-04,391.580,35.396
2019-02-05,391.570,35.199
2019-02-06,391.550,34.807
2019-02-07,391.530,34.417
2019-02-08,391.510,34.028
2019-02-09,391.490,33.642
2019-02-10,391.470,33.258
2019-02-11,391.430,32.496
2019-02-12,391.390,31.741
2019-02-13,391.360,31.181
2019-02-14,391.360,31.181
2019-02-15,391.350,30.995
2019-02-16,391.340,30.809
2019-02-17,391.330,30.624
2019-02-18,391.310,30.256
2019-02-19,391.300,30.073
2019-02-20,391.290,29.890
2019-02-21,391.280,29.708
2019-02-22,391.270,29.526
2019-02-23,391.260,29.344
2019-02-24,391.250,29.164
2019-02-25,391.250,29.164
2019-02-26,391.230,28.803
2019-02-27,391.230,28.803
2019-02-28,391.220,28.624
2019-03-01,391.210,28.445
2019-03-02,391.200,28.267
2019-03-03,391.190,28.089
2019-03-04,391.190,28.089
2019-03-05,391.170,27.735
2019-03-06,391.160,27.558
2019-03-07,391.090,26.338
2019-03-08,391.030,25.311
2019-03-09,390.990,24.637
2019-03-10,390.970,24.302
2019-03-11,390.970,24.302
2019-03-12,390.950,23.970
2019-03-13,390.940,23.805
2019-03-14,390.940,23.805
2019-03-15,390.930,23.640
2019-03-16,390.920,23.476
2019-03-17,390.910,23.312
2019-03-18,390.910,23.312
2019-03-19,390.910,23.312
2019-03-20,390.890,22.986
2019-03-21,390.880,22.823
2019-03-22,390.880,22.823
2019-03-23,390.870,22.661
2019-03-24,390.860,22.500
2019-03-25,390.860,22.500
2019-03-26,390.840,22.179
2019-03-27,390.730,20.448
2019-03-28,390.840,22.179
2019-03-29,390.830,22.019
2019-03-30,390.830,22.019
2019-03-31,390.810,21.701
2019-04-01,390.810,21.701
2019-04-02,390.790,21.384
2019-04-03,390.780,21.227
2019-04-04,390.780,21.227
2019-04-05,390.770,21.070
2019-04-06,390.700,19.986
2019-04-07,390.650,19.227
2019-04-08,390.620,18.777
2019-04-09,390.610,18.628
2019-04-10,390.610,18.628
2019-04-11,390.600,18.480
2019-04-12,390.570,18.038
2019-04-13,390.570,18.038
2019-04-14,390.570,18.038
2019-04-15,390.560,17.892
2019-04-16,390.550,17.746
2019-04-17,390.550,17.746
2019-04-18,390.540,17.600
2019-04-19,390.530,17.456
2019-04-20,390.520,17.311
2019-04-21,390.510,17.167
2019-04-22,390.520,17.311
2019-04-23,390.520,17.311
2019-04-24,390.510,17.167
2019-04-25,390.500,17.024
2019-04-26,390.490,16.881
2019-04-27,390.470,16.597
2019-04-28,390.450,16.315
2019-04-29,390.440,16.174
2019-04-30,390.440,16.174
2019-05-01,390.430,16.034
2019-05-02,390.430,16.034
2019-05-03,390.420,15.895
2019-05-04,390.400,15.618
2019-05-05,390.400,15.618
2019-05-06,390.390,15.480
2019-05-07,390.380,15.343
2019-05-08,390.320,14.529
2019-05-09,390.290,14.129
2019-05-10,390.280,13.997
2019-05-11,390.270,13.865
2019-05-12,390.270,13.865
2019-05-13,390.250,13.602
2019-05-14,390.260,13.733
2019-05-15,390.250,13.602
2019-05-16,390.250,13.602
2019-05-17,390.240,13.472
2019-05-18,390.240,13.472
2019-05-19,390.230,13.342
2019-05-20,390.230,13.342
2019-05-21,390.230,13.342
2019-05-22,390.210,13.084
2019-05-23,390.210,13.084
2019-05-24,390.190,12.828
2019-05-25,390.190,12.828
2019-05-26,390.190,12.828
2019-05-27,390.210,13.084
2019-05-28,390.190,12.828
2019-05-29,390.180,12.700
2019-05-30,390.190,12.828
2019-05-31,390.180,12.700
2019-06-01,390.200,12.956
2019-06-02,390.190,12.828
2019-06-03,390.180,12.700
2019-06-04,390.180,12.700
2019-06-05,390.170,12.574
2019-06-06,390.160,12.447
2019-06-07,390.150,12.321
2019-06-08,390.140,12.196
2019-06-09,390.130,12.071
2019-06-10,390.120,11.947
2019-06-11,390.110,11.823
2019-06-12,390.110,11.823
2019-06-13,390.100,11.700
2019-06-14,390.100,11.700
2019-06-15,390.120,11.947
2019-06-16,390.100,11.700
2019-06-17,390.090,11.577
2019-06-18,390.080,11.454
2019-06-19,390.080,11.454
2019-06-20,390.080,11.454
2019-06-21,390.070,11.333
2019-06-22,390.060,11.211
2019-06-23,390.060,11.211
2019-06-24,390.040,10.970
2019-06-25,390.040,10.970
2019-06-26,390.040,10.970
2019-06-27,390.030,10.850
2019-06-28,390.020,10.731
2019-06-29,390.010,10.612
2019-06-30,390.000,10.494
2019-07-01,390.000,10.494
2019-07-02,390.000,10.494
2019-07-03,390.000,10.494
2019-07-04,389.970,10.494
2019-07-05,389.970,10.141
2019-07-06,389.970,10.141
2019-07-07,389.970,10.141
2019-07-08,389.960,10.141
2019-07-09,389.960,10.025
2019-07-10,389.960,10.025
2019-07-11,389.940,9.794
2019-07-12,389.950,9.909
2019-07-13,389.940,9.794
2019-07-14,389.930,9.679
2019-07-15,389.930,9.679
2019-07-16,389.920,9.565
2019-07-17,389.920,9.565
2019-07-18,389.900,9.451
2019-07-19,389.900,9.337
2019-07-20,389.890,9.337
2019-07-21,389.890,9.225
2019-07-22,389.880,9.112
2019-07-23,389.870,9.000
2019-07-24,389.910,9.451
2019-07-25,389.900,9.337
2019-07-26,389.910,9.451
2019-07-27,389.930,9.679
2019-07-28,389.950,9.794
2019-07-29,389.940,9.794
2019-07-30,389.940,9.794
2019-07-31,389.950,9.909
2019-08-01,390.010,10.612
2019-08-02,390.030,10.850
2019-08-03,390.050,11.090
2019-08-04,390.080,11.454
2019-08-05,390.190,12.828
2019-08-06,390.290,14.129
2019-08-07,390.360,15.069
2019-08-08,390.400,15.618
2019-08-09,390.430,16.034
2019-08-10,390.460,17.024
2019-08-11,390.550,17.746
2019-08-12,390.600,18.480
2019-08-13,390.670,19.529
2019-08-14,390.710,20.140
2019-08-15,390.750,20.758
2019-08-16,390.800,21.542
2019-08-17,390.870,22.661
2019-08-18,390.910,23.312
2019-08-19,390.960,24.136
2019-08-20,390.990,24.637
2019-08-21,391.040,25.481
2019-08-22,391.060,25.822
2019-08-23,391.080,26.165
2019-08-24,391.230,28.803
2019-08-25,391.430,31.367
2019-08-26,391.490,33.642
2019-08-27,391.560,35.003
2019-08-28,391.620,36.188
2019-08-29,391.680,37.392
2019-08-30,391.710,38.001
2019-08-31,391.780,39.438
2019-09-01,391.900,41.111
2019-09-02,391.930,42.601
2019-09-03,391.990,43.898
2019-09-04,391.990,43.898
2019-09-05,391.950,43.032
2019-09-06,391.930,42.601
2019-09-07,391.900,41.747
2019-09-08,391.900,41.960
2019-09-09,391.900,41.960
2019-09-10,391.880,41.534
2019-09-11,391.870,41.323
2019-09-12,391.850,40.900
2019-09-13,391.830,40.480
2019-09-14,391.820,40.271
2019-09-15,391.840,40.271
2019-09-16,391.820,40.271
2019-09-17,391.810,40.062
2019-09-18,391.790,39.646
2019-09-19,391.800,39.854
2019-09-20,391.800,39.854
2019-09-21,391.810,40.062
2019-09-22,391.820,40.271
2019-09-23,391.830,40.480
2019-09-24,391.840,40.690
2019-09-25,391.840,40.690
2019-09-26,391.840,40.690
2019-09-27,391.830,40.480
2019-09-28,391.830,40.480
2019-09-29,391.820,40.271
2019-09-30,391.810,40.062
2019-10-01,391.810,40.062
2019-10-02,391.800,39.854
2019-10-03,391.790,39.646
2019-10-04,391.790,39.646
2019-10-05,391.780,39.438
2019-10-06,391.760,39.025
2019-10-07,391.750,38.819
2019-10-08,391.750,38.819
2019-10-09,391.730,38.409
2019-10-10,391.730,38.409
2019-10-11,391.720,38.205
2019-10-12,391.710,38.001
2019-10-13,391.670,37.190
2019-10-14,391.650,36.788
2019-10-15,391.660,36.989
2019-10-16,391.680,37.392
2019-10-17,391.690,37.595
2019-10-18,391.700,37.797
2019-10-19,391.700,37.797
2019-10-20,391.700,37.797
2019-10-21,391.710,38.001
2019-10-22,391.700,37.797
2019-10-23,391.700,37.797
2019-10-24,391.690,37.595
2019-10-25,391.670,37.392
2019-10-26,391.680,37.190
2019-10-27,391.660,37.190
2019-10-28,391.660,36.989
2019-10-29,391.650,36.788
2019-10-30,391.670,37.190
2019-10-31,391.680,37.392
2019-11-01,391.690,37.595
2019-11-02,391.710,38.001
2019-11-03,391.720,38.205
2019-11-04,391.720,38.205
2019-11-05,391.720,38.205
2019-11-06,391.720,38.205
2019-11-07,391.720,38.205
2019-11-08,391.710,38.001
2019-11-09,391.700,38.001
2019-11-10,391.700,39.438
2019-11-11,391.700,37.797
2019-11-12,391.690,37.595
2019-11-13,391.690,37.595
2019-11-14,391.690,37.595
2019-11-15,391.680,37.595
2019-11-16,391.680,37.392
2019-11-17,391.670,37.392
2019-11-18,391.680,37.392
2019-11-19,391.680,37.392
2019-11-20,391.670,37.190
2019-11-21,391.660,36.989
2019-11-22,391.650,36.788
2019-11-23,391.650,36.788
2019-11-24,391.630,36.388
2019-11-25,391.630,36.388
2019-11-26,391.630,36.388
2019-11-27,391.610,35.990
2019-11-28,391.600,35.990
2019-11-29,391.600,35.791
2019-11-30,391.600,35.593
2019-12-01,391.590,35.593
2019-12-02,391.580,35.396
2019-12-03,391.570,35.199
2019-12-04,391.570,35.199
2019-12-05,391.570,35.199
2019-12-06,391.550,34.807
2019-12-07,391.540,34.612
2019-12-08,391.530,34.417
2019-12-09,391.520,34.222
2019-12-10,391.510,34.028
2019-12-11,391.510,34.028
2019-12-12,391.500,33.835
2019-12-13,391.490,33.642
2019-12-14,391.480,33.450
2019-12-15,391.470,33.258
2019-12-16,391.460,33.067
2019-12-17,391.460,33.067
2019-12-18,391.460,33.067
2019-12-19,391.460,33.067
2019-12-20,391.450,32.876
2019-12-21,391.440,32.685
2019-12-22,391.440,32.685
2019-12-23,391.440,32.685
2019-12-24,391.430,32.496
2019-12-25,391.430,32.496
2019-12-26,391.420,32.306
2019-12-27,391.420,32.306
2019-12-28,391.420,32.306
2019-12-29,391.410,32.117
2019-12-30,391.410,32.117
2019-12-31,391.410,32.117
2020-01-01,391.410,32.117
2020-01-02,391.400,31.929
2020-01-03,391.400,31.929
2020-01-04,391.390,31.741
2020-01-05,391.390,31.741
2020-01-06,391.380,31.554
2020-01-07,391.380,31.554
2020-01-08,391.370,31.367
2020-01-09,391.370,31.367
2020-01-10,391.360,31.181
2020-01-11,391.350,30.995
2020-01-12,391.350,30.995
2020-01-13,391.350,30.995
2020-01-14,391.340,30.809
2020-01-15,391.330,30.624
2020-01-16,391.330,30.624
2020-01-17,391.320,30.440
2020-01-18,391.320,30.440
2020-01-19,391.320,30.440
2020-01-20,391.310,30.256
2020-01-21,391.300,30.073
2020-01-22,391.290,29.890
2020-01-23,391.290,29.890
2020-01-24,391.290,29.890
2020-01-25,391.280,29.708
2020-01-26,391.280,29.708
2020-01-27,391.270,29.526
2020-01-28,391.260,29.344
2020-01-29,391.250,29.164
2020-01-30,391.240,28.983
2020-01-31,391.240,28.983
2020-02-01,391.230,28.803
2020-02-02,391.220,28.624
2020-02-03,391.220,28.624
2020-02-04,391.210,28.445
2020-02-05,391.200,28.267
2020-02-06,391.190,28.089
2020-02-07,391.190,28.089
2020-02-08,391.180,27.912
2020-02-09,391.170,27.735
2020-02-10,391.160,27.558
2020-02-11,391.160,27.558
2020-02-12,391.160,27.558
2020-02-13,391.150,27.382
2020-02-14,391.140,27.207
2020-02-15,391.130,27.032
2020-02-16,391.130,27.032
2020-02-17,391.120,26.858
2020-02-18,391.110,26.684
2020-02-19,391.110,26.684
2020-02-20,391.100,26.511
2020-02-21,391.090,26.338
2020-02-22,391.090,26.338
2020-02-23,391.080,26.165
2020-02-24,391.070,25.994
2020-02-25,391.070,25.994
2020-02-26,391.060,25.822
2020-02-27,391.050,25.651
2020-02-28,391.050,25.651
2020-02-29,391.030,25.311
2020-03-01,391.030,25.311
2020-03-02,391.020,25.142
2020-03-03,391.010,24.973
2020-03-04,391.000,24.804
2020-03-05,391.000,24.804
2020-03-06,391.000,24.804
2020-03-07,390.990,24.637
2020-03-08,390.980,24.469
2020-03-09,390.980,24.469
2020-03-10,390.970,24.302
2020-03-11,390.960,24.136
2020-03-12,390.960,24.136
2020-03-13,390.950,23.970
2020-03-14,390.940,23.805
2020-03-15,390.930,23.640
2020-03-16,390.920,23.476
2020-03-17,390.920,23.476
2020-03-18,390.910,23.312
2020-03-19,390.910,23.312
2020-03-20,390.900,23.148
2020-03-21,390.890,22.986
2020-03-22,390.880,22.823
2020-03-23,390.880,22.823
2020-03-24,390.860,22.500
2020-03-25,390.850,22.339
2020-03-26,390.840,22.179
2020-03-27,390.840,22.179
2020-03-28,390.830,22.019
2020-03-29,390.820,21.859
2020-03-30,390.810,21.701
2020-03-31,390.790,21.384
2020-04-01,390.780,21.227
2020-04-02,390.780,21.227
2020-04-03,390.770,21.070
2020-04-04,390.750,20.758
2020-04-05,390.740,20.603
2020-04-06,390.740,20.603
2020-04-07,390.730,20.448
2020-04-08,390.730,20.448
2020-04-09,390.710,20.140
2020-04-10,390.710,20.140
2020-04-11,390.710,20.140
2020-04-12,390.700,19.986
2020-04-13,390.710,20.140
2020-04-14,390.710,20.140
2020-04-15,390.700,19.986
2020-04-16,390.690,19.833
2020-04-17,390.670,19.529
2020-04-18,390.670,19.529
2020-04-19,390.660,19.378
2020-04-20,390.670,19.529
2020-04-21,390.650,19.227
2020-04-22,390.640,19.076
2020-04-23,390.630,18.927
2020-04-24,390.630,18.927
2020-04-25,390.630,18.927
2020-04-26,390.710,20.140
2020-04-27,390.700,19.986
2020-04-28,390.710,20.140
2020-04-29,390.730,20.448
2020-04-30,390.720,20.293
2020-05-01,390.720,20.293
2020-05-02,390.720,20.293
2020-05-03,390.720,20.293
2020-05-04,390.710,20.140
2020-05-05,390.700,19.986
2020-05-06,390.680,19.681
2020-05-07,390.650,19.227
2020-05-08,390.660,19.378
2020-05-09,390.640,19.076
2020-05-10,390.650,19.227
2020-05-11,390.650,19.227
2020-05-12,390.640,19.076
2020-05-13,390.630,18.927
2020-05-14,390.630,18.927
2020-05-15,390.610,18.628
2020-05-16,390.570,18.038
2020-05-17,390.530,17.456
2020-05-18,390.490,16.881
2020-05-19,390.450,16.315
2020-05-20,390.420,15.895
2020-05-21,390.410,15.756
2020-05-22,390.390,15.480
2020-05-23,390.390,15.480
2020-05-24,390.370,15.206
2020-05-25,390.360,15.069
2020-05-26,390.350,14.934
2020-05-27,390.350,14.934
2020-05-28,390.350,14.934
2020-05-29,390.350,14.934
2020-05-30,390.370,15.206
2020-05-31,390.370,15.206
2020-06-01,390.360,15.069
2020-06-02,390.350,14.934
2020-06-03,390.390,15.480
2020-06-04,390.370,15.206
2020-06-05,390.360,15.069
2020-06-06,390.350,14.934
2020-06-07,390.340,14.798
2020-06-08,390.330,14.663
2020-06-09,390.320,14.529
2020-06-10,390.310,14.395
2020-06-11,390.310,14.395
2020-06-12,390.300,14.262
2020-06-13,390.310,14.395
2020-06-14,390.300,14.262
2020-06-15,390.290,14.129
2020-06-16,390.280,13.997
2020-06-17,390.290,14.129
2020-06-18,390.290,14.129
2020-06-19,390.290,14.129
2020-06-20,390.270,13.865
2020-06-21,390.270,13.865
2020-06-22,390.260,13.733
2020-06-23,390.260,13.733
2020-06-24,390.250,13.602
2020-06-25,390.250,13.602
2020-06-26,390.310,14.395
2020-06-27,390.310,14.395
2020-06-28,390.280,13.997
2020-06-29,390.260,13.733
2020-06-30,390.250,13.602
2020-07-01,390.240,13.472
2020-07-02,390.230,13.342
2020-07-03,390.230,13.342
2020-07-04,390.220,13.213
2020-07-05,390.210,13.084
2020-07-06,390.210,13.084
2020-07-07,390.210,13.084
2020-07-08,390.200,12.956
2020-07-09,390.200,12.956
2020-07-10,390.190,12.828
2020-07-11,390.180,12.700
2020-07-12,390.190,12.828
2020-07-13,390.190,12.828
2020-07-14,390.190,12.828
2020-07-15,390.180,12.700
2020-07-16,390.190,12.828
2020-07-17,390.160,12.447
2020-07-18,390.150,12.321
2020-07-19,390.150,12.321
2020-07-20,390.150,12.321
2020-07-21,390.140,12.196
2020-07-22,390.140,12.196
2020-07-23,390.130,12.071
2020-07-24,390.130,12.071
2020-07-25,390.090,11.577
2020-07-26,390.070,11.333
2020-07-27,390.080,11.454
2020-07-28,390.080,11.454
2020-07-29,390.060,11.211
2020-07-30,390.060,11.211
2020-07-31,390.060,11.211
2020-08-01,390.050,11.090
2020-08-02,390.200,12.956
2020-08-03,390.330,14.663
2020-08-04,390.400,15.618
2020-08-05,390.500,17.024
2020-08-06,390.580,18.185
2020-08-07,390.650,19.227
2020-08-08,390.720,20.293
2020-08-09,390.750,20.758
2020-08-10,390.780,21.227
2020-08-11,390.790,21.384
2020-08-12,390.790,21.384
2020-08-13,390.790,21.384
2020-08-14,390.790,21.384
2020-08-15,390.790,21.384
2020-08-16,390.790,21.384
2020-08-17,390.790,21.384
2020-08-18,390.810,21.701
2020-08-19,390.820,21.859
2020-08-20,390.850,22.339
2020-08-21,390.900,23.148
2020-08-22,390.950,23.970
2020-08-23,390.990,24.637
2020-08-24,391.040,25.481
2020-08-25,391.070,25.994
2020-08-26,391.110,26.684
2020-08-27,391.140,27.207
2020-08-28,391.140,27.207
2020-08-29,391.140,27.207
2020-08-30,391.150,27.382
2020-08-31,392.165,47.783
2020-09-01,392.701,60.634
2020-09-02,392.548,56.819
2020-09-03,392.584,57.707
2020-09-04,392.630,58.850
2020-09-05,392.665,59.726
2020-09-06,392.680,60.104
2020-09-07,392.670,59.852
2020-09-08,392.635,58.974
2020-09-09,392.600,58.103
2020-09-10,392.565,57.238
2020-09-11,392.512,55.939
2020-09-12,392.490,55.404
2020-09-13,392.470,54.920
2020-09-14,392.450,54.437
2020-09-15,392.400,53.241
2020-09-16,392.415,53.598
2020-09-17,392.390,53.003
2020-09-18,392.370,52.528
2020-09-19,392.350,52.056
2020-09-20,392.365,52.410
2020-09-21,392.350,52.056
2020-09-22,392.365,52.410
2020-09-23,392.365,52.410
2020-09-24,392.380,52.765
2020-09-25,392.390,53.003
2020-09-26,392.390,53.003
2020-09-27,392.390,53.003
2020-09-28,392.390,53.003
2020-09-29,392.380,52.765
2020-09-30,391.270,29.526
2020-10-01,391.260,29.344
2020-10-02,391.260,29.344
2020-10-03,391.250,29.164
2020-10-04,391.250,29.164
2020-10-05,391.250,29.164
2020-10-06,391.250,29.164
2020-10-07,391.250,29.164
2020-10-08,391.250,29.164
2020-10-09,391.240,28.983
2020-10-10,391.230,28.803
2020-10-11,391.230,28.803
2020-10-12,391.230,28.803
2020-10-13,391.220,28.624
2020-10-14,391.210,28.445
2020-10-15,391.200,28.267
2020-10-16,391.230,28.803
2020-10-17,391.230,28.803
2020-10-18,391.230,28.803
2020-10-19,391.230,28.803
2020-10-20,391.220,28.624
2020-10-21,391.230,28.803
2020-10-22,391.240,28.983
2020-10-23,391.290,29.890
2020-10-24,391.300,30.073
2020-10-25,391.300,30.073
2020-10-26,391.290,29.890
2020-10-27,391.290,29.890
2020-10-28,391.300,30.073
2020-10-29,391.310,30.256
2020-10-30,391.310,30.256
2020-10-31,391.310,30.256
2020-11-01,391.320,30.440
2020-11-02,391.310,30.256
2020-11-03,391.310,30.256
2020-11-04,391.360,31.181
2020-11-05,391.410,32.117
2020-11-06,391.450,32.876
2020-11-07,391.480,33.450
2020-11-08,391.500,33.835
2020-11-09,391.510,34.028
2020-11-10,391.520,34.222
2020-11-11,391.520,34.222
2020-11-12,391.530,34.417
2020-11-13,391.530,34.417
2020-11-14,391.530,34.417
2020-11-15,391.530,34.417
2020-11-16,391.530,34.417
2020-11-17,391.530,34.417
2020-11-18,391.520,34.222
2020-11-19,391.520,34.222
2020-11-20,391.520,34.222
2020-11-21,391.520,34.222
2020-11-22,391.510,34.028
2020-11-23,391.500,33.835
2020-11-24,391.490,33.642
2020-11-25,391.490,33.642
2020-11-26,391.480,33.450
2020-11-27,391.480,33.450
2020-11-28,391.470,33.258
2020-11-29,391.470,33.258
2020-11-30,391.450,32.876
2020-12-01,391.450,32.876
2020-12-02,391.430,32.496
2020-12-03,391.430,32.496
2020-12-04,391.420,32.306
2020-12-05,391.420,32.306
2020-12-06,391.420,32.306
2020-12-07,391.410,32.117
2020-12-08,391.410,32.117
2020-12-09,391.410,32.117
2020-12-10,391.390,31.741
2020-12-11,391.380,31.554
2020-12-12,391.380,31.554
2020-12-13,391.380,31.554
2020-12-14,391.370,31.367
2020-12-15,391.370,31.367
2020-12-16,391.370,31.367
2020-12-17,391.360,31.181
2020-12-18,391.360,31.181
2020-12-19,391.360,31.181
2020-12-20,391.350,30.995
2020-12-21,391.340,30.809
2020-12-22,391.330,30.624
2020-12-23,391.330,30.624
2020-12-24,391.320,30.440
2020-12-25,391.320,30.440
2020-12-26,391.310,30.256
2020-12-27,391.310,30.256
2020-12-28,391.300,30.073
2020-12-29,391.300,30.073
2020-12-30,391.300,30.073
2020-12-31,391.290,29.890
2021-01-01,391.280,29.708
2021-01-02,391.280,29.708
2021-01-03,391.270,29.526
2021-01-04,391.270,29.526
2021-01-05,391.260,29.344
2021-01-06,391.260,29.344
2021-01-07,391.250,29.164
2021-01-08,391.250,29.164
2021-01-09,391.230,28.803
2021-01-10,391.220,28.624
2021-01-11,391.230,28.803
2021-01-12,391.210,28.445
2021-01-13,391.200,28.267
2021-01-14,391.200,28.267
2021-01-15,391.200,28.267
2021-01-16,391.200,28.267
2021-01-17,391.190,28.089
2021-01-18,391.190,28.089
2021-01-19,391.180,27.912
2021-01-20,391.180,27.912
2021-01-21,391.170,27.735
2021-01-22,391.160,27.558
2021-01-23,391.150,27.382
2021-01-24,391.150,27.382
2021-01-25,391.150,27.382
2021-01-26,391.140,27.207
2021-01-27,391.130,27.032
2021-01-28,391.130,27.032
2021-01-29,391.110,26.684
2021-01-30,391.110,26.684
2021-01-31,391.110,26.684
2021-02-01,391.090,26.338
2021-02-02,391.090,26.338
2021-02-03,391.080,26.165
2021-02-04,391.070,25.994
2021-02-05,391.070,25.994
2021-02-06,391.070,25.994
2021-02-07,391.070,25.994
2021-02-08,391.110,26.684
2021-02-09,391.100,26.511
2021-02-10,391.090,26.338
2021-02-11,391.090,26.338
2021-02-12,391.080,26.165
2021-02-13,391.080,26.165
2021-02-14,391.070,25.994
2021-02-15,391.060,25.822
2021-02-16,391.060,25.822
2021-02-17,391.050,25.651
2021-02-18,391.050,25.651
2021-02-19,391.030,25.311
2021-02-20,391.030,25.311
2021-02-21,391.010,24.973
2021-02-22,391.000,24.804
2021-02-23,391.000,24.804
2021-02-24,391.000,24.804
2021-02-25,390.990,24.637
2021-02-26,390.990,24.637
2021-02-27,390.990,24.637
2021-02-28,390.970,24.302
2021-03-01,390.960,24.136
2021-03-02,390.950,23.970
2021-03-03,390.930,23.640
2021-03-04,390.930,23.640
2021-03-05,390.930,23.640
2021-03-06,390.920,23.476
2021-03-07,390.920,23.476
2021-03-08,390.910,23.312
2021-03-09,390.910,23.312
2021-03-10,390.890,22.986
2021-03-11,390.880,22.823
2021-03-12,390.880,22.823
2021-03-13,390.870,22.661
2021-03-14,390.860,22.500
2021-03-15,390.860,22.500
2021-03-16,390.860,22.500
2021-03-17,390.850,22.339
2021-03-18,390.840,22.179
2021-03-19,390.830,22.019
2021-03-20,390.820,21.859
2021-03-21,390.810,21.701
2021-03-22,390.790,21.384
2021-03-23,390.790,21.384
2021-03-24,390.790,21.384
2021-03-25,390.770,21.070
2021-03-26,390.770,21.070
2021-03-27,390.760,20.914
2021-03-28,390.760,20.914
2021-03-29,390.740,20.603
2021-03-30,390.730,20.448
2021-03-31,390.720,20.293
2021-04-01,390.710,20.140
2021-04-02,390.710,20.140
2021-04-03,390.710,20.140
2021-04-04,390.720,20.293
2021-04-05,390.750,20.758
2021-04-06,390.750,20.758
2021-04-07,390.760,20.914
2021-04-08,390.750,20.758
2021-04-09,390.750,20.758
2021-04-10,390.740,20.603
2021-04-11,390.730,20.448
2021-04-12,390.730,20.448
2021-04-13,390.740,20.603
2021-04-14,390.740,20.603
2021-04-15,390.740,20.603
2021-04-16,390.740,20.603
2021-04-17,390.730,20.448
2021-04-18,390.730,20.448
2021-04-19,390.720,20.293
2021-04-20,390.720,20.293
2021-04-21,390.710,20.140
2021-04-22,390.710,20.140
2021-04-23,390.710,20.140
2021-04-24,390.690,19.833
2021-04-25,390.700,19.986
2021-04-26,390.690,19.833
2021-04-27,390.680,19.681
2021-04-28,390.700,19.986
2021-04-29,390.720,20.293
2021-04-30,390.720,20.293
2021-05-01,390.720,20.293
2021-05-02,390.710,20.140
2021-05-03,390.710,20.140
2021-05-04,390.690,19.833
2021-05-05,390.690,19.833
2021-05-06,390.690,19.833
2021-05-07,390.640,19.076
2021-05-08,390.600,18.480
2021-05-09,390.570,18.038
2021-05-10,390.540,17.600
2021-05-11,390.540,17.600
2021-05-12,390.530,17.456
2021-05-13,390.550,17.746
2021-05-14,390.540,17.600
2021-05-15,390.550,17.746
2021-05-16,390.540,17.600
2021-05-17,390.540,17.600
2021-05-18,390.540,17.600
2021-05-19,390.530,17.456
2021-05-20,390.530,17.456
2021-05-21,390.510,17.167
2021-05-22,390.490,16.881
2021-05-23,390.490,16.881
2021-05-24,390.490,16.881
2021-05-25,390.530,17.456
2021-05-26,390.530,17.456
2021-05-27,390.530,17.456
2021-05-28,390.530,17.456
2021-05-29,390.530,17.456
2021-05-30,390.520,17.311
2021-05-31,390.510,17.167
2021-06-01,390.500,17.024
2021-06-02,390.490,16.881
2021-06-03,390.490,16.881
2021-06-04,390.490,16.881
2021-06-05,390.450,16.315
2021-06-06,390.410,15.756
2021-06-07,390.400,15.618
2021-06-08,390.390,15.480
2021-06-09,390.400,15.618
2021-06-10,390.400,15.618
2021-06-11,390.400,15.618
2021-06-12,390.400,15.618
2021-06-13,390.410,15.756
2021-06-14,390.450,16.315
2021-06-15,390.450,16.315
2021-06-16,390.450,16.315
2021-06-17,390.450,16.315
2021-06-18,390.450,16.315
2021-06-19,390.440,16.174
2021-06-20,390.430,16.034
2021-06-21,390.410,15.756
2021-06-22,390.430,16.034
2021-06-23,390.420,15.895
2021-06-24,390.420,15.895
2021-06-25,390.420,15.895
2021-06-26,390.420,15.895
2021-06-27,390.410,15.756
2021-06-28,390.400,15.618
2021-06-29,390.400,15.618
2021-06-30,390.390,15.480
2021-07-01,390.380,15.343
2021-07-02,390.400,15.618
2021-07-03,390.400,15.618
2021-07-04,390.400,15.618
2021-07-05,390.380,15.343
2021-07-06,390.400,15.618
2021-07-07,390.390,15.480
2021-07-08,390.450,16.315
2021-07-09,390.480,16.739
2021-07-10,390.490,16.881
2021-07-11,390.530,17.456
2021-07-12,390.530,17.456
2021-07-13,390.540,17.600
2021-07-14,390.540,17.600
2021-07-15,390.550,17.746
2021-07-16,390.550,17.746
2021-07-17,390.560,17.892
2021-07-18,390.550,17.746
2021-07-19,390.550,17.746
2021-07-20,390.550,17.746
2021-07-21,390.510,17.167
2021-07-22,390.470,16.597
2021-07-23,390.450,16.315
2021-07-24,390.420,15.895
2021-07-25,390.440,16.174
2021-07-26,390.440,16.174
2021-07-27,390.440,16.174
2021-07-28,390.430,16.034
2021-07-29,390.430,16.034
2021-07-30,390.430,16.034
2021-07-31,390.430,16.034
2021-08-01,390.430,16.034
2021-08-02,390.420,15.895
2021-08-03,390.430,16.034
2021-08-04,390.410,15.756
2021-08-05,390.420,15.895
2021-08-06,390.420,15.895
2021-08-07,390.420,15.895
2021-08-08,390.400,15.618
2021-08-09,390.410,15.756
2021-08-10,390.410,15.756
2021-08-11,390.460,16.456
2021-08-12,390.480,16.739
2021-08-13,390.490,16.881
2021-08-14,390.490,16.881
2021-08-15,390.490,16.881
2021-08-16,390.490,16.881
2021-08-17,390.550,17.746
2021-08-18,390.580,18.185
2021-08-19,390.660,19.378
2021-08-20,390.750,20.758
2021-08-21,390.830,22.019
2021-08-22,390.910,23.312
2021-08-23,390.980,24.469
2021-08-24,391.050,25.651
2021-08-25,391.090,26.338
2021-08-26,391.120,26.858
2021-08-27,391.150,27.382
2021-08-28,391.160,27.558
2021-08-29,391.180,27.912
2021-08-30,391.190,28.089
2021-08-31,391.180,27.912
2021-09-01,391.160,27.558
2021-09-02,391.130,27.032
2021-09-03,391.150,27.382
2021-09-04,391.150,27.382
2021-09-05,391.160,27.558
2021-09-06,391.170,27.735
2021-09-07,391.170,27.735
2021-09-08,391.180,27.912
2021-09-09,391.190,28.089
2021-09-10,391.190,28.089
2021-09-11,391.200,28.267
2021-09-12,391.220,28.624
2021-09-13,391.270,29.526
2021-09-14,391.300,30.073
2021-09-15,391.350,30.995
2021-09-16,391.390,31.741
2021-09-17,391.430,32.496
2021-09-18,391.460,33.067
2021-09-19,391.490,33.642
2021-09-20,391.560,35.003
2021-09-21,391.610,35.990
2021-09-22,391.650,36.788
2021-09-23,391.730,38.409
2021-09-24,391.770,39.231
2021-09-25,391.330,30.624
2021-09-26,391.870,41.323
2021-09-27,391.910,42.173
2021-09-28,391.940,42.816
2021-09-29,391.990,43.898
2021-09-30,392.030,44.772
2021-10-01,392.030,44.772
2021-10-02,392.040,44.992
2021-10-03,392.020,44.553
2021-10-04,392.000,44.116
2021-10-05,392.000,44.116
2021-10-06,392.000,44.116
2021-10-07,392.000,44.116
2021-10-08,392.000,44.116
2021-10-09,392.000,44.116
2021-10-10,392.030,44.772
2021-10-11,391.990,43.898
2021-10-12,391.950,43.032
2021-10-13,391.910,42.173
2021-10-14,391.900,41.960
2021-10-15,391.890,41.747
2021-10-16,391.910,42.173
2021-10-17,391.930,42.601
2021-10-18,391.930,42.601
2021-10-19,391.950,43.032
2021-10-20,391.960,43.247
2021-10-21,391.890,41.747
2021-10-22,392.120,46.769
2021-10-23,392.240,49.495
2021-10-24,392.270,50.187
2021-10-25,392.350,52.056
2021-10-26,392.400,53.241
2021-10-27,392.390,53.003
2021-10-28,392.400,53.241
2021-10-29,392.290,50.652
2021-10-30,392.280,50.419
2021-10-31,392.370,52.528
2021-11-01,392.350,52.056
2021-11-02,392.330,51.586
2021-11-03,392.290,50.652
2021-11-04,392.290,50.652
2021-11-05,392.270,50.187
2021-11-06,392.240,49.495
2021-11-07,392.220,49.035
2021-11-08,392.210,48.807
2021-11-09,392.210,48.807
2021-11-10,392.200,48.578
2021-11-11,392.180,48.123
2021-11-12,392.160,47.670
2021-11-13,392.140,47.219
2021-11-14,392.130,46.994
2021-11-15,392.140,47.219
2021-11-16,392.130,46.994
2021-11-17,392.120,46.769
2021-11-18,392.090,46.099
2021-11-19,392.080,45.877
2021-11-20,392.070,45.655
2021-11-21,392.060,45.434
2021-11-22,392.050,45.213
2021-11-23,392.050,45.213
2021-11-24,392.050,45.213
2021-11-25,392.040,44.992
2021-11-26,392.040,44.992
2021-11-27,392.030,44.772
2021-11-28,392.030,44.772
2021-11-29,392.010,44.334
2021-11-30,392.010,44.334
2021-12-01,392.010,44.334
2021-12-02,392.000,44.116
2021-12-03,392.000,44.116
2021-12-04,391.980,43.681
2021-12-05,391.980,43.681
2021-12-06,391.970,43.464
2021-12-07,391.960,43.247
2021-12-08,391.950,43.032
2021-12-09,391.940,42.816
2021-12-10,391.930,42.601
2021-12-11,391.930,42.601
2021-12-12,391.920,42.387
2021-12-13,391.920,42.387
2021-12-14,391.910,42.173
2021-12-15,391.910,42.173
2021-12-16,391.900,41.960
2021-12-17,391.870,41.323
2021-12-18,391.870,41.323
2021-12-19,391.870,41.323
2021-12-20,391.850,40.900
2021-12-21,391.850,40.900
2021-12-22,391.850,40.900
2021-12-23,391.850,40.900
2021-12-24,391.850,40.900
2021-12-25,391.850,40.900
2021-12-26,391.850,40.900
2021-12-27,391.810,40.062
2021-12-28,391.810,40.062
2021-12-29,391.810,40.062
2021-12-30,391.810,40.062
2021-12-31,391.780,39.438
2022-01-01,391.780,39.438
2022-01-02,391.770,39.231
2022-01-03,391.760,39.025
2022-01-04,391.750,38.819
2022-01-05,391.750,38.819
2022-01-06,391.740,38.614
2022-01-07,391.740,38.614
2022-01-08,391.730,38.409
2022-01-09,391.710,38.001
2022-01-10,391.650,36.788
2022-01-11,391.620,36.188
2022-01-12,391.580,35.396
2022-01-13,391.570,35.199
2022-01-14,391.570,35.199
2022-01-15,391.570,35.199
2022-01-16,391.570,35.199
2022-01-17,391.560,35.003
2022-01-18,391.560,35.003
2022-01-19,391.580,35.396
2022-01-20,391.550,34.807
2022-01-21,391.510,34.028
2022-01-22,391.510,34.028
2022-01-23,391.490,33.642
2022-01-24,391.470,33.258
2022-01-25,391.460,33.067
2022-01-26,391.440,32.685
2022-01-27,391.410,32.117
2022-01-28,391.390,31.741
2022-01-29,391.370,31.367
2022-01-30,391.350,30.995
2022-01-31,391.330,30.624
2022-02-01,391.300,30.073
2022-02-02,391.290,29.890
2022-02-03,391.240,28.983
2022-02-04,391.210,28.445
2022-02-05,391.190,28.089
2022-02-06,391.170,27.735
2022-02-07,391.160,27.558
2022-02-08,391.150,27.382
2022-02-09,391.130,27.032
2022-02-10,391.120,26.858
2022-02-11,391.090,26.338
2022-02-12,391.070,25.994
2022-02-13,391.060,25.822
2022-02-14,391.050,25.651
2022-02-15,391.050,25.651
2022-02-16,391.030,25.311
2022-02-17,391.010,24.973
2022-02-18,391.010,24.973
2022-02-19,391.010,24.973
2022-02-20,391.010,24.973
2022-02-21,391.010,24.973
2022-02-22,391.010,24.973
2022-02-23,391.010,24.973
2022-02-24,390.990,24.637
2022-02-25,391.010,24.973
2022-02-26,390.990,24.637
2022-02-27,390.990,24.637
2022-02-28,390.990,24.637
2022-03-01,390.970,24.302
2022-03-02,390.940,23.805
2022-03-03,390.880,22.823
2022-03-04,390.870,22.661
2022-03-05,390.870,22.661
2022-03-06,390.860,22.500
2022-03-07,390.840,22.179
2022-03-08,390.820,21.859
2022-03-09,390.800,21.542
2022-03-10,390.790,21.384
2022-03-11,390.780,21.227
2022-03-12,390.780,21.227
2022-03-13,390.760,20.914
2022-03-14,390.750,20.758
2022-03-15,390.750,20.758
2022-03-16,390.710,20.140
2022-03-17,390.720,20.293
2022-03-18,390.760,20.914
2022-03-19,390.750,20.758
2022-03-20,390.740,20.603
2022-03-21,390.740,20.603
2022-03-22,390.730,20.448
2022-03-23,390.740,20.603
2022-03-24,390.730,20.448
2022-03-25,390.720,20.293
2022-03-26,390.710,20.140
2022-03-27,390.700,19.986
2022-03-28,390.720,20.293
2022-03-29,390.720,20.293
2022-03-30,390.720,20.293
2022-03-31,390.720,20.293
